FID,Xg,Yg,Xsp,Ysp,SamplingSi,Datnum,SamplingSe,Watershed,ermB_Sed,tetW_Sed,qnrA_Sed,sul1_Sed,intI1_Sed,ermB_Water,tetW_Water,qnrA_Water,sul1_Water,intI1_Wate,Dattim,tempMonthl,precip24h,precip48ha,precip48he,precip48hs,precip72ha,precip72he,precip72hs,runoff10mm,runoff15mm,LogCopiesH,LogCopie_1,LogCopiesB,LogCopie_2,precip24h2,precip28hs,oldrain,oldrain2,HDD2km,LDD2km,CropRotati,ForageGras,IdleGrassl,Coniferous,Deciduous2,OpenWater2,Emergent2k,Lowland2km,ForestedWe,Barren2km,HDD500m,LDD500m,CropRota_1,ForageGr_1,Conifero_1,Deciduous5,OpenWater5,Emergent50,Lowland500,Forested_1,Barren500m,Dattime,16Spg,16Sp100mL,HBsed,HBwat,BBsed,BBwat,ermBSedR,tetWSedR,qnrASedR,sul1SedR,intI1SedR,ermBWatR,tetWWatR,qnrAWatR,sul1WatR,intI1WatR,ARGgrSed,lgARGgrSed,ARGsedp16,lggrppsed,ARGgrWat,lgARGgrWat,ARGwatp16,lggrppwat,BUFF_DIST,ORIG_FID,Area,P_val1,P_val6,P_val10,Rowid_,SAMPLINGSI_1,SCGW__1,SCGW__6,SCGW__10
0,-87.444928,44.617577,802751.5173,90333.67405,ARM,736524,Summer,Ahnapee,-5.605471737,-7.488015722,-5.092410603,-4.403321113,-4.768372635,-6.12,-6.27,-4.871957412,-3.156426829,-2.7,7/13/16 0:00,20.72305613,0,0.698778382,0.311837065,1.397556765,16.18776388,2.660080732,48.56329165,0,1,-6.088187319,-6.370776114,-6.150102215,-4.320345007,1.397556765,48.56329165,63.826098,16.66036312,1048500,2932200,3215700,1899900,0,581400,110700,223200,440100,75600,1081800,0,126000,262800,0,94500,37800,0,72900,64800,6300,117900,0,7/13/16 0:00,34500000000,10200000,4.449801984,0.638788091,4.387887088,2.689219198,4.932517566,3.049973581,5.445578699,6.134668189,5.769616668,0.889970923,0.742857032,2.137606794,3.853137377,4.310647333,1450271.547,6.161449327,4.20204E-05,-4.376539976,7144.079195,3.85394626,0.000698847,-3.155617945,1000,0,3140868.168,0,0.999850943,0,1,ARM,0,3140400,0
1,-87.444928,44.617577,802751.5173,90333.67405,ARM,736587,Fall,Ahnapee,-3.100790066,-2.810916772,-2.871194387,-2.821715622,-3.446227297,-4.938878244,-5.761390734,-3.933786865,-4.693863147,-5.719392209,9/14/16 0:00,17.56481619,0,7.729693319,3.802693182,15.45938664,5.153128879,3.802693182,15.45938664,1,1,-6.129465291,-5.874149902,-5.157023475,-5.61063096,15.00469301,15.00469301,39.69810319,39.69810319,1048500,2932200,3215700,1899900,0,581400,110700,223200,440100,75600,1081800,0,126000,262800,0,94500,37800,0,72900,64800,6300,117900,0,9/14/16 0:00,6100000000,11100000,3.656076716,1.172382186,4.628518532,1.435901128,6.684751941,6.974625235,6.91434762,6.963826385,6.33931471,2.107653845,1.285141355,3.112745224,2.352668942,1.327139879,23472241.51,7.370554565,0.003846029,-2.414987442,372.6645629,2.571318097,0.00003348,-4.475213991,1000,1,3140868.168,0,0.999850943,0,1,ARM,0,3140400,0
2,-87.444928,44.617577,802751.5173,90333.67405,ARM,736628,Fall,Ahnapee,-4.150072623,-4.759750408,-1.654988853,-3.746821084,-3.160902477,-6.77,-5.995864549,-3.849379284,-3.89247486,-2.927689758,10/25/16 0:00,10.99412341,0,0.016332372,0.00728849,0.032664744,0.010888248,0.00728849,0.032664744,0,0,-8.715730679,-6.574879169,-7.184168498,-4.709590651,0.032664744,0.032664744,0.692328369,0.692328369,1048500,2932200,3215700,1899900,0,581400,110700,223200,440100,75600,1081800,0,126000,262800,0,94500,37800,0,72900,64800,6300,117900,0,10/25/16 0:00,2600000000,45900000,0,1.086592838,2.230532186,2.951881356,5.264628061,4.654950275,7.759711831,5.6678796,6.253798207,0.889970923,1.665607458,3.812092723,3.768997147,4.733782249,694557.0774,5.841707941,0.000267305,-3.572992743,5928.919701,3.772975568,0.000129272,-3.888496438,1000,2,3140868.168,0,0.999850943,0,1,ARM,0,3140400,0
3,-87.444928,44.617577,802751.5173,90333.67405,ARM,736750,Winter,Ahnapee,-4.640352928,-5.811182595,-3.766573198,-3.612491175,-4.589450969,-4.57956496,-4.915436778,-4.646776937,-3.289710637,-3.961055294,2/24/17 0:00,-2.528711085,0,2.262992087,4.525984174,4.525984174,1.508661391,4.525984174,4.525984174,0,0,-8.183085912,-6.696005999,-7.293599355,-5.936875539,0,0,3.48312944,3.48312944,1048500,2932200,3215700,1899900,0,581400,110700,223200,440100,75600,1081800,0,126000,262800,0,94500,37800,0,72900,64800,6300,117900,0,2/24/17 0:00,4870000000,24800000,1.504763678,-9999,2.394250236,1.458100464,5.047496662,3.876666996,5.921276392,6.075358415,5.098398621,2.815411043,2.479539225,2.748199066,4.105265366,3.433920709,1308568.221,6.116796369,0.000268502,-3.571053221,13698.23859,4.136664726,0.000551682,-3.258311277,1000,3,3140868.168,0,0.999850943,0,1,ARM,0,3140400,0
4,-87.444928,44.617577,802751.5173,90333.67405,ARM,736837,Spring,Ahnapee,-5.594865426,-5.85777231,-5.756733319,-4.420702646,-4.171848302,-5.313572418,-4.441281767,-2.75185474,-4.030685314,-3.666727794,5/22/17 0:00,10.40613882,0,3.841046087,4.128223155,7.682092174,2.560697391,4.128223155,7.682092174,0,0,-4.425495249,-4.429264795,-4.141856854,-2.782574578,4.574600321,4.574600321,15.56877146,15.56877146,1048500,2932200,3215700,1899900,0,581400,110700,223200,440100,75600,1081800,0,126000,262800,0,94500,37800,0,72900,64800,6300,117900,0,5/22/17 0:00,3960000000,6430000,5.172207247,2.37914956,5.455845642,4.03,4.00283707,3.739930186,3.840969177,5.17699985,5.425854194,1.494841937,2.367132589,4.056559615,2.777729041,3.141686561,165874.2099,5.219778867,4.18867E-05,-4.377923629,863.5466108,2.936285784,0.000134237,-3.872128571,1000,4,3140868.168,0,0.999850943,0,1,ARM,0,3140400,0
5,-87.536573,44.747678,795043.0275,104559.0809,ARS,736524,Summer,Ahnapee,-5.436252823,-9.524328812,-4.667310845,-4.361295974,-4.589538745,-5.19,-5.34,-2.146628449,-4.768078835,-4.75,7/13/16 0:00,20.79550086,0,0.382632698,0.17075379,0.765265396,19.57188059,3.055933141,58.71564177,0,1,-5.865897204,-5.381442198,-5.860448714,-3.24135693,0.765265396,58.71564177,77.91753815,19.96716178,84600,388800,4070700,2559600,17100,751500,324900,0,634500,189900,3538800,0,0,40500,54000,337500,45000,66600,0,10800,12600,220500,0,7/13/16 0:00,18500000000,1200000,4.401833013,0,4.407281503,2.839055272,4.831477394,0.742857032,5.600419372,5.906434243,5.678191472,0.889970923,0.742857032,3.933783753,1.312333368,1.327139879,874028.3386,5.941525514,4.71841E-05,-4.326204703,33.82100396,1.529186495,2.81044E-05,-4.551225707,1000,5,3140820.239,0.999993556,0,0,2,ARS,3140800,0,0
6,-87.536573,44.747678,795043.0275,104559.0809,ARS,736587,Fall,Ahnapee,0,0,0,0,0,-5.364104008,-4.543507452,-4.07543547,-5.140196322,-4.255520906,9/14/16 0:00,17.60511021,0,7.914081897,3.781635652,15.82816379,5.276054598,3.781635652,15.82816379,1,1,0,-6.339564297,0,-3.927194039,15.50649481,15.50649481,40.78946242,40.78946242,84600,388800,4070700,2559600,17100,751500,324900,0,634500,189900,3538800,0,0,40500,54000,337500,45000,66600,0,10800,12600,220500,0,9/14/16 0:00,0,10900000,1.961036988,0,5.050167846,3.111340262,0,0,0,0,0,1.674430294,2.495026849,2.963098831,1.89833798,2.783013395,0,0,0,0,439.0097815,2.642474197,4.01735E-05,-4.396060104,1000,6,3140820.239,0.999993556,0,0,2,ARS,3140800,0,0
7,-87.536573,44.747678,795043.0275,104559.0809,ARS,736628,Fall,Ahnapee,-1.499051581,-2.682536548,-3.602947958,-2.815224011,-2.616787482,-4.67,-4.480025962,-2.828759353,-2.505948892,-1.69472548,10/25/16 0:00,10.99943532,0,0.020803657,0.009283847,0.041607314,0.013869105,0.009283847,0.041607314,0,0,-8.760426884,-3.059498457,-4.429199313,-1.68881819,0.041607314,0.041607314,0.76164885,0.76164885,84600,388800,4070700,2559600,17100,751500,324900,0,634500,189900,3538800,0,0,40500,54000,337500,45000,66600,0,10800,12600,220500,0,10/25/16 0:00,2880000000,365000,0,2.50268951,5.030197575,3.873369777,7.960345307,6.77686034,5.85644893,6.644172877,6.842609406,0.889970923,1.082162006,2.733428614,3.056239076,3.867462487,101663121.3,8.007163439,0.035299337,-1.452233449,1158.098309,3.063745427,0.003173639,-2.49844254,1000,7,3140820.239,0.999993556,0,0,2,ARS,3140800,0,0
8,-87.536573,44.747678,795043.0275,104559.0809,ARS,736750,Winter,Ahnapee,-4.260272872,-5.645838321,-3.496959663,-3.39078862,-4.176218806,-1.76891334,-1.872281871,-2.177384321,-1.232061599,-1.850496853,2/24/17 0:00,-2.502208843,0,2.473217792,4.946435583,4.946435583,1.648811861,4.946435583,4.946435583,0,0,-7.923789839,-3.346131935,-7.005559291,-2.985290164,0,0,3.985320613,3.985320613,84600,388800,4070700,2559600,17100,751500,324900,0,634500,189900,3538800,0,0,40500,54000,337500,45000,66600,0,10800,12600,220500,0,2/24/17 0:00,2810000000,11100,1.524983736,-9999,2.443214284,1.059811775,5.188500703,3.802935254,5.951813912,6.057984955,5.272554769,2.276188599,2.172820068,1.867717618,2.81304034,2.194605086,1303538.998,6.115124029,0.000463821,-3.333649547,987.945638,2.994733048,0.089049423,-1.050368891,1000,8,3140820.239,0.999993556,0,0,2,ARS,3140800,0,0
9,-87.536573,44.747678,795043.0275,104559.0809,ARS,736837,Spring,Ahnapee,-5.685083748,-7.480364134,-3.983693522,-5.461862926,-5.249908722,-4.503084224,-4.976736586,-3.721916979,-3.488495441,-3.746030097,5/22/17 0:00,10.51152935,0,3.6452241,3.261736286,7.2904482,2.4301494,3.261736286,7.2904482,0,0,-5.738167636,-3.248711635,-6.415113225,-4.647883754,5.185826129,5.185826129,15.3586122,15.3586122,84600,388800,4070700,2559600,17100,751500,324900,0,634500,189900,3538800,0,0,40500,54000,337500,45000,66600,0,10800,12600,220500,0,5/22/17 0:00,15700000000,759000,4.457960491,2.631499464,3.781014902,1.23,4.511044379,2.715763993,6.212434606,4.734265202,4.946219406,1.377126875,0.903474513,2.15829412,2.391715659,2.134181003,87190.18616,4.940467605,5.55059E-06,-5.255660523,278.2797718,2.444481639,0.000366666,-3.435729461,1000,9,3140820.239,0.999993556,0,0,2,ARS,3140800,0,0
10,-87.558031,44.460618,794303.6781,72624.42068,BPKR,736524,Summer,Kewaunee,-5.066576311,-7.445309386,-5.242355612,-3.405962743,-3.841933345,-4.2262744,-5.722841109,-2.533020976,-2.728241199,-2.625080971,7/13/16 0:00,20.53330572,0,1.680083383,0.749754549,3.360166766,8.783975695,1.894446892,26.35192708,0,1,-4.619853659,-5.766728137,-5.634712693,-4.35730562,3.360166766,26.35192708,29.83257394,6.840813626,43200,459900,5620500,2875500,0,443700,1690200,32400,513900,17100,849600,13500,37800,132300,53100,155700,122400,234900,0,8100,0,44100,0,7/13/16 0:00,12100000000,2920000,5.463356243,0,4.448497209,2.108392521,5.016633592,2.637900517,4.840854291,6.67724716,6.241276558,2.239423741,0.742857032,3.932677166,3.737456942,3.84061717,4860396.92,6.686671737,0.000401293,-3.396538165,5642.405142,3.751464267,0.001930928,-2.714233874,1000,10,3140968.758,0.466225586,0,1,3,BPKR,1464400,0,1677200
11,-87.558031,44.460618,794303.6781,72624.42068,BPKR,736587,Fall,Kewaunee,-2.675981808,-2.919993867,-3.487143583,-2.717354246,-3.651903384,-4.551346376,-5.850425754,-4.193931391,-5.527423098,-3.947936785,9/14/16 0:00,17.60059487,0,9.123250092,4.243875374,18.24650018,6.082166728,4.243875374,18.24650018,1,1,-6.287557763,-3.001316452,-4.972108275,-4.181688409,18.02441554,18.02441554,32.39312066,32.39312066,43200,459900,5620500,2875500,0,443700,1690200,32400,513900,17100,849600,13500,37800,132300,53100,155700,122400,234900,0,8100,0,44100,0,9/14/16 0:00,11500000000,10200000,3.774576357,4.005606988,5.090025845,2.825235031,7.386152312,7.142140253,6.574990537,7.344779874,6.410230736,2.455577064,1.156497686,2.812992048,1.479500342,3.058986654,60322341.77,7.780478193,0.005228102,-2.281655927,329.9839975,2.518492879,3.24765E-05,-4.48843056,1000,11,3140968.758,0.466225586,0,1,3,BPKR,1464400,0,1677200
12,-87.558031,44.460618,794303.6781,72624.42068,BPKR,736628,Fall,Kewaunee,-2.890384464,-4.725802978,-1.271435047,-3.177314799,-3.523204555,-5.575866425,-5.133677444,-3.807209759,-3.725362437,-2.815514488,10/25/16 0:00,10.98443654,0,0.013235433,0.005906449,0.026470866,0.008823622,0.005906449,0.026470866,0,0,-8.189514204,-5.766867343,-8.189514204,-3.497547547,0.026470866,0.026470866,0.259940126,0.259940126,43200,459900,5620500,2875500,0,443700,1690200,32400,513900,17100,849600,13500,37800,132300,53100,155700,122400,234900,0,8100,0,44100,0,10/25/16 0:00,774000000,2920000,0,0,0,2.968289801,5.998099745,4.162681231,7.617049162,5.71116941,5.365279654,0.889970923,1.332159904,2.658627588,2.740474911,3.650322859,1524422.18,6.183105259,0.001970702,-2.705378949,579.3903039,2.762971223,0.000198214,-3.702866125,1000,12,3140968.758,0.466225586,0,1,3,BPKR,1464400,0,1677200
13,-87.558031,44.460618,794303.6781,72624.42068,BPKR,736750,Winter,Kewaunee,-4.500746809,-5.840392766,-4.083413625,-3.569018413,-4.003695008,-4.320568898,-4.955788468,-4.220236814,-2.744409925,-2.814102685,2/24/17 0:00,-2.370024532,0,1.781168392,3.562336785,3.562336785,1.187445595,3.562336785,3.562336785,0,0,-8.087992556,-6.129117101,-7.221406701,-5.145707195,0,0,5.632440918,5.632440918,43200,459900,5620500,2875500,0,443700,1690200,32400,513900,17100,849600,13500,37800,132300,53100,155700,122400,234900,0,8100,0,44100,0,2/24/17 0:00,3650000000,6730000,1.474439566,-9999,2.341025421,1.682379911,5.061685313,3.722039355,5.479018497,5.993413709,5.558737114,2.507518208,1.872298638,2.607850291,4.083677181,4.01398442,1105483.475,6.043552255,0.000302775,-3.518879866,12521.14668,4.097644103,0.001860189,-2.730443002,1000,13,3140968.758,0.466225586,0,1,3,BPKR,1464400,0,1677200
14,-87.558031,44.460618,794303.6781,72624.42068,BPKR,736837,Spring,Kewaunee,-5.678065824,-4.73435305,-3.426151869,-3.165193832,-3.900570699,-4.521419814,-4.797973779,-3.249603623,-2.969941678,-3.169770088,5/22/17 0:00,10.3193999,0,4.788880055,5.908964887,9.57776011,3.192586703,5.908964887,9.57776011,0,0,-4.477362068,-3.594564592,-2.019816645,-5.388460395,4.722535275,4.722535275,15.57359861,15.57359861,43200,459900,5620500,2875500,0,443700,1690200,32400,513900,17100,849600,13500,37800,132300,53100,155700,122400,234900,0,8100,0,44100,0,5/22/17 0:00,1600000000,484000,4.727596044,2.090207169,7.185141468,0.296,3.526892288,4.470605063,5.778806244,6.039764281,5.304387414,1.163351946,0.886797982,2.435168138,2.714830083,2.515001672,1128800.748,6.052617289,0.00070414,-3.152340824,540.8689386,2.733092041,0.001117687,-2.951679719,1000,14,3140968.758,0.466225586,0,1,3,BPKR,1464400,0,1677200
15,-87.618032,44.555972,789220.1234,83073.59026,Church,736524,Summer,Kewaunee,-5.142083445,-5.772275293,-5.347793155,-3.553921889,-3.249579227,-4.32978644,-5.109396664,-3.430008807,-5.179725552,-5.164919041,7/13/16 0:00,20.76984293,0,0.835247324,0.372737738,1.670494648,11.3460511,1.984228573,34.03815331,0,1,-5.501216541,-5.201642499,-5.786788074,-4.036092829,1.670494648,34.03815331,44.31874115,11.95108248,129600,973800,5717700,2440800,0,974700,1108800,0,73800,9900,1080000,57600,98100,342900,22500,72000,67500,100800,0,11700,0,69300,0,7/13/16 0:00,16200000000,3100000,4.707485031,1.290416421,4.421913498,2.455966091,5.066618127,4.436426279,4.860908417,6.654779683,6.959122345,2.162272479,1.382662256,3.062050113,1.312333368,1.327139879,4660162.75,6.668401084,0.000288204,-3.540300488,189.9655005,2.278674736,6.11809E-05,-4.213384183,1000,15,3140902.079,0.81696275,0,0,4,Church,2566000,0,570000
16,-87.618032,44.555972,789220.1234,83073.59026,Church,736587,Fall,Kewaunee,-4.660611768,-5.262190641,-4.319756555,-2.571094591,-2.557989105,-5.099795902,-4.631764032,-3.262772018,-4.05288827,-3.184426125,9/14/16 0:00,17.67812405,0,8.489716673,4.069256805,16.97943335,5.659811116,4.069256805,16.97943335,1,1,-7.921311888,-5.646480948,-3.726145451,-4.390606481,16.61819764,16.61819764,40.28087987,40.28087987,129600,973800,5717700,2440800,0,974700,1108800,0,73800,9900,1080000,57600,98100,342900,22500,72000,67500,100800,0,11700,0,69300,0,9/14/16 0:00,4540000000,3840000,1.735364939,0.937479118,5.930531376,2.193353585,4.996065059,4.394486186,5.336920272,7.085582236,7.098687722,1.484164164,1.952196034,3.321188048,2.531071797,3.399533941,12302075.72,7.089978396,0.002712074,-2.566698431,459.7487976,2.662520602,0.000119829,-3.921439464,1000,16,3140902.079,0.81696275,0,0,4,Church,2566000,0,570000
17,-87.618032,44.555972,789220.1234,83073.59026,Church,736628,Fall,Kewaunee,-5.029362584,-4.557408806,-3.669841909,-3.013511331,-3.111172276,-6.695182108,-6.243215824,-4.258837384,-5.263492055,-4.125514528,10/25/16 0:00,11.05846012,0,0.027121242,0.012103134,0.054242485,0.018080828,0.012103134,0.054242485,0,0,-4.456611863,-6.170545656,-2.880102941,-4.740755906,0.054242485,0.054242485,0.515148456,0.515148456,129600,973800,5717700,2440800,0,974700,1108800,0,73800,9900,1080000,57600,98100,342900,22500,72000,67500,100800,0,11700,0,69300,0,10/25/16 0:00,557000000,38500000,4.289113037,1.414607374,5.865621959,2.844397124,3.716362315,4.188316094,5.07588299,5.732213568,5.634552623,0.889970923,1.341937207,3.326315646,2.321660975,3.459638503,560408.5268,5.748504735,0.001006421,-2.997220165,239.4675745,2.379246715,6.22435E-06,-5.205906315,1000,17,3140902.079,0.81696275,0,0,4,Church,2566000,0,570000
18,-87.618032,44.555972,789220.1234,83073.59026,Church,736750,Winter,Kewaunee,-4.417504185,-6.196569966,-3.870732743,-3.781698262,-4.073606608,-4.020073744,-4.63888515,-4.41268113,-2.777761378,-3.609342962,2/24/17 0:00,-2.327071557,0,2.566684129,5.133368258,5.133368258,1.711122753,5.133368258,5.133368258,0,0,-7.831221314,-6.2488784,-7.161694122,-5.318170588,0,0,4.836424163,4.836424163,129600,973800,5717700,2440800,0,974700,1108800,0,73800,9900,1080000,57600,98100,342900,22500,72000,67500,100800,0,11700,0,69300,0,2/24/17 0:00,2540000000,8870000,1.573437353,-9999,2.242964544,1.629677817,4.987154481,3.208088701,5.533925924,5.622960404,5.331052058,2.927774661,2.308963255,2.535167274,4.170087026,3.338505443,518420.9279,5.714682525,0.000204185,-3.689976141,15844.523,4.199879169,0.001786614,-2.747969235,1000,18,3140902.079,0.81696275,0,0,4,Church,2566000,0,570000
19,-87.618032,44.555972,789220.1234,83073.59026,Church,736837,Spring,Kewaunee,-5.211036068,-6.183955052,-3.67474427,-4.560518916,-4.212601998,-4.478838817,-3.723849871,-1.94968958,-3.704421245,-2.809351216,5/22/17 0:00,10.65955244,0,3.994253752,4.226878307,7.988507503,2.662835834,4.226878307,7.988507503,0,0,-5.289771383,-3.378126621,-5.010666042,-1.516373592,4.842032737,4.842032737,16.83888097,16.83888097,129600,973800,5717700,2440800,0,974700,1108800,0,73800,9900,1080000,57600,98100,342900,22500,72000,67500,100800,0,11700,0,69300,0,5/22/17 0:00,8540000000,335000,4.641762658,2.146813995,4.920867999,4.01,4.720497974,3.747578989,6.256789771,5.371015125,5.718932044,1.0461018,1.801090746,3.575251037,1.820519372,2.715589401,293104.5739,5.467022596,3.43154E-05,-4.464511446,140.5227286,2.147746574,0.000419571,-3.377194043,1000,19,3140902.079,0.81696275,0,0,4,Church,2566000,0,570000
20,-87.602277,44.583774,790380.1104,86198.38972,Crevice,736524,Summer,Kewaunee,-4.593406095,-6.620841845,-3.701047784,-3.561516565,-3.879038783,-4.93076175,-6.095373525,-5.059114693,-5.52589719,-5.511090679,7/13/16 0:00,20.77340471,0,0.767329542,0.342428727,1.534659085,12.3045302,2.103842009,36.91359059,0,1,-5.318862796,-5.783898874,-5.832880721,-5.004268811,1.534659085,36.91359059,48.52245745,13.14352595,0,239400,6345000,1955700,0,189000,475200,0,245700,0,2106000,0,0,26100,170100,232200,71100,101700,0,27000,0,157500,0,7/13/16 0:00,11000000000,6890000,4.721919516,1.054331684,4.207901591,1.833961747,5.447376217,3.419940467,6.339734528,6.479265747,6.161743529,1.907468808,0.742857032,1.779115865,1.312333368,1.327139879,3297620.873,6.518200723,0.000300205,-3.522581588,106.8697411,2.028854757,1.55104E-05,-4.8093758,1000,20,3140885.884,0.572959371,0.022159353,0,5,Crevice,1799600,69600,1272400
21,-87.602277,44.583774,790380.1104,86198.38972,Crevice,736587,Fall,Kewaunee,0,0,0,0,0,-6.512970793,-5.309339669,-4.316485821,-5.116680498,-4.83820105,9/14/16 0:00,17.66743399,0,8.342247642,4.006844028,16.68449528,5.561498428,4.006844028,16.68449528,1,1,0,-5.88304665,0,-3.932078666,16.31888716,16.31888716,40.70953775,40.70953775,0,239400,6345000,1955700,0,189000,475200,0,245700,0,2106000,0,0,26100,170100,232200,71100,101700,0,27000,0,157500,0,9/14/16 0:00,0,25300000,0,1.519895066,5.018322386,3.47086305,0,0,0,0,0,0.889970923,2.093602046,3.086455894,2.286261218,2.564740666,0,0,0,0,325.1265291,2.512052408,1.28561E-05,-4.890889308,1000,21,3140885.884,0.572959371,0.022159353,0,5,Crevice,1799600,69600,1272400
22,-87.602277,44.583774,790380.1104,86198.38972,Crevice,736628,Fall,Kewaunee,-0.401585464,-2.474935632,-2.774246748,-2.209927227,-1.807789925,-5.847473425,-5.62856918,-4.032576115,-4.285109104,-3.326443068,10/25/16 0:00,11.05274025,0,0.026437208,0.011797877,0.052874417,0.017624806,0.011797877,0.052874417,0,0,-8.150184757,-6.164395435,-8.150184757,-4.367015967,0.052874417,0.052874417,0.558360302,0.558360302,0,239400,6345000,1955700,0,189000,475200,0,245700,0,2106000,0,0,26100,170100,232200,71100,101700,0,27000,0,157500,0,10/25/16 0:00,707000000,13900000,0,0.979063438,0,2.776442906,8.447569297,6.374219129,6.074908013,6.639227534,7.041364836,1.295985448,1.514889693,3.110882758,2.858349769,3.817015805,286989793.3,8.457866452,0.406173599,-0.391288309,774.1832643,2.888843779,5.56397E-05,-4.254615094,1000,22,3140885.884,0.572959371,0.022159353,0,5,Crevice,1799600,69600,1272400
23,-87.602277,44.583774,790380.1104,86198.38972,Crevice,736750,Winter,Kewaunee,-4.384323733,-5.744769997,-3.798251144,-3.49281776,-4.485485551,-4.193722364,-5.162330967,-4.446309488,-2.796198743,-3.97146708,2/24/17 0:00,-2.350967346,0,2.554600934,5.109201868,5.109201868,1.703067289,5.109201868,5.109201868,0,0,-8.281732516,-6.066254517,-7.483070439,-5.318471149,0,0,4.626362057,4.626362057,0,239400,6345000,1955700,0,189000,475200,0,245700,0,2106000,0,0,26100,170100,232200,71100,101700,0,27000,0,157500,0,2/24/17 0:00,9190000000,5820000,1.681491942,-9999,2.480154019,1.446753373,5.578900725,4.218454461,6.164973314,6.470406697,5.477738906,2.571502157,1.602893554,2.318915034,3.969025779,2.793757441,3349739.397,6.525011021,0.000364575,-3.438213436,9724.530843,3.987868658,0.001669722,-2.777355863,1000,23,3140885.884,0.572959371,0.022159353,0,5,Crevice,1799600,69600,1272400
24,-87.602277,44.583774,790380.1104,86198.38972,Crevice,736837,Spring,Kewaunee,-6.035250631,-6.156478882,-7.313222572,-4.872966126,-4.824084908,-4.85642682,-4.895002721,-3.540149278,-3.889522201,-4.030038977,5/22/17 0:00,10.6419133,0,3.924064775,4.080212417,7.84812955,2.616043183,4.080212417,7.84812955,0,0,-5.076623302,-3.955659959,-5.08974887,-4.47546907,4.850126674,4.850126674,16.72111175,16.72111175,0,239400,6345000,1955700,0,189000,475200,0,245700,0,2106000,0,0,26100,170100,232200,71100,101700,0,27000,0,157500,0,5/22/17 0:00,7130000000,1030000,4.776719547,2.057781181,4.763593979,1.54,3.818092218,3.696863967,2.540120277,4.980376723,5.029257941,1.15701432,1.118438419,2.473291862,2.123918939,1.983402163,107135.9212,5.029935108,1.50173E-05,-4.823407741,160.5112312,2.205505426,0.00015562,-3.807935714,1000,24,3140885.884,0.572959371,0.022159353,0,5,Crevice,1799600,69600,1272400
25,-87.595196,44.654673,790708.9067,94089.7775,DDDS,736524,Summer,Ahnapee,-4.831038459,-5.690667204,-5.14628601,-4.050623616,-4.157880087,-4.448287844,-3.95,-2.357852704,-2.864945149,-2.87,7/13/16 0:00,20.79705193,0,0.5661383,0.252645059,1.132276599,15.02668145,2.440675577,45.08004435,0,1,-5.529867605,-5.8080186,-5.969622965,-4.380044338,1.132276599,45.08004435,60.21360075,16.265833,138600,173700,9120600,1572300,1800,122400,342900,0,168300,8100,896400,14400,0,0,771300,11700,0,0,0,0,0,0,0,7/13/16 0:00,23000000000,3210000,4.831599635,0,4.391844275,2.126944266,5.530428781,4.670800036,5.21518123,6.310843624,6.203587154,2.05870076,2.554136098,4.149135901,3.642043455,3.633148585,392925.3566,5.594310056,3.75088E-05,-4.425867222,161.1969167,2.207356731,0.000109621,-3.960104837,1000,25,3140851.224,0,0,1,6,DDDS,0,0,3142000
26,-87.595196,44.654673,790708.9067,94089.7775,DDDS,736587,Fall,Ahnapee,-4.885352731,-3.163833029,-4.530783454,-3.939337849,-4.353813005,-4.799946465,-5.182378068,-4.334108756,-5.660767273,-4.0409464,9/14/16 0:00,17.64842359,0,8.070251671,3.884045628,16.14050334,5.380167781,3.884045628,16.14050334,1,1,-8.207525815,-6.022300752,-7.006923528,-3.368154849,15.77671971,15.77671971,41.60839023,41.60839023,138600,173700,9120600,1572300,1800,122400,342900,0,168300,8100,896400,14400,0,0,771300,11700,0,0,0,0,0,0,0,9/14/16 0:00,25100000000,17500000,2.192411079,1.220277072,3.393013366,3.874422975,5.514584162,7.236103865,5.86915344,6.460599044,6.046123888,2.442631359,2.060199756,2.908469068,1.581810551,3.201631424,14113993.22,7.149649905,0.005301852,-2.275572421,155.8714688,2.192766628,0.000014256,-4.846002764,1000,26,3140851.224,0,0,1,6,DDDS,0,0,3142000
27,-87.595196,44.654673,790708.9067,94089.7775,DDDS,736628,Fall,Ahnapee,-3.315546626,-5.394785631,-1.166986495,-3.607742854,-2.19674198,-4.486623835,-10.14,-2.507894304,-2.36177593,-1.507502467,10/25/16 0:00,11.04108081,0,0.025845614,0.011533872,0.051691228,0.017230409,0.011533872,0.051691228,0,0,-8.407935125,-4.578188219,-8.407935125,-2.454902493,0.051691228,0.051691228,0.665646421,0.665646421,138600,173700,9120600,1572300,1800,122400,342900,0,168300,8100,896400,14400,0,0,771300,11700,0,0,0,0,0,0,0,10/25/16 0:00,1280000000,223000,0,0.770863051,0,2.894148777,5.791358503,3.712119499,7.939918635,5.499162276,6.910163149,0.862427435,0.56139744,2.841156967,2.98727534,3.841548803,0,0,0,0,0,0,0,0,1000,27,3140851.224,0,0,1,6,DDDS,0,0,3142000
28,-87.595196,44.654673,790708.9067,94089.7775,DDDS,736750,Winter,Ahnapee,-3.949866315,-5.53185566,-3.435588886,-2.889264847,-4.27151076,-4.153351727,-4.95313595,-4.339651604,-2.706923112,-4.072256094,2/24/17 0:00,-2.401027538,0,2.590885267,5.181770535,5.181770535,1.727256845,5.181770535,5.181770535,0,0,-7.619185195,-5.701846986,-6.822659952,-4.757508061,0,0,4.232870074,4.232870074,138600,173700,9120600,1572300,1800,122400,342900,0,168300,8100,896400,14400,0,0,771300,11700,0,0,0,0,0,0,0,2/24/17 0:00,2080000000,2520000,1.699417241,-9999,2.495942484,1.643308929,5.368736121,3.786746776,5.88301355,6.429337589,5.047091676,2.247465263,1.447681041,2.061165387,3.693893879,2.328560897,1410242.123,6.149293683,0.000752579,-3.123448185,5392.610961,3.73179909,0.001160956,-2.935184238,1000,28,3140851.224,0,0,1,6,DDDS,0,0,3142000
29,-87.595196,44.654673,790708.9067,94089.7775,DDDS,736837,Spring,Ahnapee,-6.245325307,-6.782599759,-4.483232442,-6.012806098,-5.418739216,-5.14021581,-4.068634449,-3.04199864,-2.642735881,-3.188406415,5/22/17 0:00,10.62508126,0,3.752013181,3.651350269,7.504026362,2.501342121,3.651350269,7.504026362,0,0,-6.394519349,-3.105280219,-4.642885363,-3.223237849,4.959229841,4.959229841,16.358576,16.358576,138600,173700,9120600,1572300,1800,122400,342900,0,168300,8100,896400,14400,0,0,771300,11700,0,0,0,0,0,0,0,5/22/17 0:00,20100000000,72300,3.90795762,1.754123376,5.659591606,1.64,4.057151662,3.51987721,5.819244527,4.289670871,4.883737753,-0.280812215,0.790769145,1.817404954,2.216667713,1.67099718,45827.29941,4.661124265,3.5436E-06,-5.450555158,182.0538153,2.260199785,0.000483627,-3.315489359,1000,29,3140851.224,0,0,1,6,DDDS,0,0,3142000
30,-87.588587,44.675489,791164.1905,96417.36166,DDUS,736524,Summer,Ahnapee,-5.14644501,-6.876288873,-5.343402678,-4.51944459,-4.741676193,-4.036684516,-5.42,-2.627291102,-4.8551282,-4.84,7/13/16 0:00,20.79846172,0,0.51724303,0.23082504,1.034486059,16.09087183,2.58267302,48.2726155,0,1,-5.663996118,-5.468491563,-6.040232273,-3.548357233,1.034486059,48.2726155,64.45756303,17.21943359,0,190800,5011200,2439900,14400,211500,477000,0,55800,0,491400,0,0,27000,223200,420300,0,1800,0,0,0,113400,0,7/13/16 0:00,10500000000,1470000,4.356181159,0,3.979945004,2.619104334,4.873732268,3.143888405,4.676774599,5.500732687,5.278501084,2.130777051,0.742857032,3.540170465,1.312333368,1.327139879,2431746.529,6.385918305,0.000105792,-3.975548936,4858.426859,3.686495669,0.001511844,-2.820492935,1000,30,3140842.861,0,0,1,7,DDUS,0,0,3142400
31,-87.588587,44.675489,791164.1905,96417.36166,DDUS,736587,Fall,Ahnapee,-3.873031019,-2.351583783,-3.415794647,-3.144288466,-2.901964453,-5.718088393,-5.521415215,-4.178077421,-5.030025638,-4.274687185,9/14/16 0:00,17.63979064,0,8.024608148,3.856368487,16.0492163,5.349738766,3.856368487,16.0492163,1,1,-6.395877286,-6.0219806,-6.435732448,-3.45405336,15.69483996,15.69483996,41.49586762,41.49586762,0,190800,5011200,2439900,14400,211500,477000,0,55800,0,491400,0,0,27000,223200,420300,0,1800,0,0,0,113400,0,9/14/16 0:00,2660000000,10900000,3.02934504,1.016788792,2.989489878,3.584716032,5.552191307,7.073638543,6.009427679,6.28093386,6.523257872,1.320680999,1.517354176,2.860691971,2.008743754,2.764082207,20437843.99,7.31043508,0.000813763,-3.089501814,430.1426568,2.633612513,2.46056E-05,-4.608965311,1000,31,3140842.861,0,0,1,7,DDUS,0,0,3142400
32,-87.588587,44.675489,791164.1905,96417.36166,DDUS,736628,Fall,Ahnapee,0,0,0,0,0,0,0,0,0,0,10/25/16 0:00,11.03418088,0,0.025010527,0.011161206,0.050021055,0.016673685,0.011161206,0.050021055,0,0,0,0,0,0,0.050021055,0.050021055,0.69229606,0.69229606,0,190800,5011200,2439900,14400,211500,477000,0,55800,0,491400,0,0,27000,223200,420300,0,1800,0,0,0,113400,0,10/25/16 0:00,0,0,0,0,0,0,0,0,0,0,0,0,0,0,0,0,939298.8506,5.972803791,0.000734342,-3.134101339,982.0529073,2.992134886,0.004396262,-2.356916385,1000,32,3140842.861,0,0,1,7,DDUS,0,0,3142400
33,-87.588587,44.675489,791164.1905,96417.36166,DDUS,736750,Winter,Ahnapee,-4.036538884,-5.302261763,-3.331112005,-3.183320079,-4.253676197,-4.200129202,-5.265086616,-4.458336485,-2.961599378,-3.350484585,2/24/17 0:00,-2.420687694,0,2.575662997,5.151325994,5.151325994,1.717108665,5.151325994,5.151325994,0,0,-7.738449477,-5.968013324,-6.740424735,-5.164776066,0,0,4.160073467,4.160073467,0,190800,5011200,2439900,14400,211500,477000,0,55800,0,491400,0,0,27000,223200,420300,0,1800,0,0,0,113400,0,2/24/17 0:00,1870000000,4640000,1.534292391,-9999,2.532317132,1.502207262,5.236202983,3.970480104,5.941629862,6.089421788,5.01906567,2.466854126,1.401896712,2.208646843,3.70538395,3.316498743,2927294.24,6.466466378,0.001405607,-2.852136058,5146.725976,3.711531046,0.002045098,-2.689285945,1000,33,3140842.861,0,0,1,7,DDUS,0,0,3142400
34,-87.588587,44.675489,791164.1905,96417.36166,DDUS,736837,Spring,Ahnapee,-6.375234752,-6.133562227,-4.318651516,-5.622169787,-5.412600858,-4.171887102,-4.667256137,-3.285036386,-3.403626346,-3.804881106,5/22/17 0:00,10.60686898,0,3.72237945,3.548752258,7.444758901,2.4815863,3.548752258,7.444758901,0,0,-5.59594306,-3.625883585,-4.923449996,-4.231195841,5.015005659,5.015005659,16.13270212,16.13270212,0,190800,5011200,2439900,14400,211500,477000,0,55800,0,491400,0,0,27000,223200,420300,0,1800,0,0,0,113400,0,5/22/17 0:00,12900000000,376000,4.515736363,1.949805559,5.188229427,1.34,3.736444672,3.978117196,5.793027907,4.489509636,4.699078565,1.403802042,0.908433007,2.290652758,2.172062797,1.770808038,34200.53035,4.534032841,1.70434E-06,-5.768444128,171.3908901,2.233987734,0.002369104,-2.62541586,1000,34,3140842.861,0,0,1,7,DDUS,0,0,3142400
35,-87.624504,44.325512,789455.1615,57461.34156,ETRM,736524,Summer,East Twin,0,0,0,0,0,-4.108224392,-5.4,-2.397697977,-4.832267229,-3.671168511,7/13/16 0:00,20.82539127,0,0.789901427,0.352501664,1.579802854,9.482070748,1.690101425,28.44621224,0,1,0,-5.636511046,0,-3.559097241,1.579802854,28.44621224,35.80721722,8.940807833,33300,471600,5465700,2408400,0,1069200,793800,0,317700,0,1997100,900,18000,125100,183600,171000,33300,153900,0,0,0,98100,0,7/13/16 0:00,0,1400000,4.597107733,0.50808955,4.718216633,2.585503355,0,0,0,0,0,2.036376204,0.742857032,3.746902619,1.312333368,2.473432085,0,0,0,0,134.7957665,2.129676253,9.66219E-05,-4.014924344,1000,35,3141092.708,0.284486987,0,1,8,ETRM,893600,0,2246800
36,-87.624504,44.325512,789455.1615,57461.34156,ETRM,736587,Fall,East Twin,-3.171010652,-2.628893857,-2.995576544,-2.735310964,-2.820854786,-4.798305904,-4.848405106,-3.481285146,-4.506163922,-3.349908968,9/14/16 0:00,17.79774178,0,9.491977989,4.647979833,18.98395598,6.327985326,4.647979833,18.98395598,1,1,-5.635958423,-6.159156527,-4.461316043,-5.090389599,18.45351101,18.45351101,38.3257194,38.3257194,33300,471600,5465700,2408400,0,1069200,793800,0,317700,0,1997100,900,18000,125100,183600,171000,33300,153900,0,0,0,98100,0,9/14/16 0:00,3210000000,7210000,3.8703948,0,5.04503718,1.767736933,6.335342571,6.877459367,6.510776679,6.771042259,6.685498438,2.059820628,2.009721426,3.376841386,2.35196261,3.508217564,15608538.61,7.193362243,0.004864173,-2.312990981,441.9177315,2.645341428,6.12653E-05,-4.212785104,1000,36,3141092.708,0.284486987,0,1,8,ETRM,893600,0,2246800
37,-87.624504,44.325512,789455.1615,57461.34156,ETRM,736628,Fall,East Twin,-4.111735439,-7.445309386,-4.318651516,-3.76386649,-4.157880087,-5.458406466,-4.863397132,-3.656744321,-3.460052716,-2.532009942,10/25/16 0:00,11.16208572,0,0.026865826,0.011989152,0.053731651,0.01791055,0.011989152,0.053731651,0,0,0,-5.615124788,0,-3.671091375,0.053731651,0.053731651,0.435945707,0.435945707,33300,471600,5465700,2408400,0,1069200,793800,0,317700,0,1997100,900,18000,125100,183600,171000,33300,153900,0,0,0,98100,0,10/25/16 0:00,0,4470000,0,1.035056885,0,2.979090298,0,0,0,0,0,1.191775206,1.786784541,2.993437352,3.190128956,4.118171731,0,0,0,0,1626.032853,3.211129316,0.000363871,-3.439052357,1000,37,3141092.708,0.284486987,0,1,8,ETRM,893600,0,2246800
38,-87.624504,44.325512,789455.1615,57461.34156,ETRM,736750,Winter,East Twin,-4.546106633,-5.626931024,-3.919431571,-3.468608871,-4.030654414,-4.33935795,-4.523051408,-5.133502337,-3.772379465,-4.118876398,2/24/17 0:00,-2.216059279,0,2.97686372,5.953727439,5.953727439,1.984575813,5.953727439,5.953727439,0,0,-8.447344213,-6.6249713,-7.337136842,-6.317627282,0,0,5.332052181,5.332052181,33300,471600,5465700,2408400,0,1069200,793800,0,317700,0,1997100,900,18000,125100,183600,171000,33300,153900,0,0,0,98100,0,2/24/17 0:00,9850000000,21100000,1.546063915,-9999,2.656271286,1.006314022,5.447301494,4.366477104,6.073976557,6.524799257,5.962753714,2.984583354,2.800889896,2.190438967,3.551561839,3.205064906,3651451.855,6.562465579,0.00037073,-3.430942549,5158.29297,3.712506005,0.000244661,-3.611435299,1000,38,3141092.708,0.284486987,0,1,8,ETRM,893600,0,2246800
39,-87.624504,44.325512,789455.1615,57461.34156,ETRM,736837,Spring,East Twin,-4.834379812,-5.348733955,-5.503591036,-4.54469581,-4.667767308,-4.111640204,-4.339825935,-2.877282886,-2.760542028,-2.268148966,5/22/17 0:00,10.74897468,0,4.1491225,4.487705005,8.298245,2.766081667,4.487705005,8.298245,0,0,-3.591429456,-2.938842753,-3.922930375,-4.07602398,4.904991543,4.904991543,16.80017638,16.80017638,33300,471600,5465700,2408400,0,1069200,793800,0,317700,0,1997100,900,18000,125100,183600,171000,33300,153900,0,0,0,98100,0,5/22/17 0:00,1540000000,376000,5.595891614,2.635873593,5.264390695,1.5,4.352941258,3.838587115,3.683730034,4.64262526,4.519553762,1.463076142,1.234890412,2.69743346,2.814174319,3.30656738,73351.43351,4.865408606,4.76527E-05,-4.321912464,698.1100673,2.843923901,0.001858693,-2.730792446,1000,39,3141092.708,0.284486987,0,1,8,ETRM,893600,0,2246800
40,-87.68412,44.456776,784285.9401,71903.76445,ETRS,736524,Summer,East Twin,-5.155675745,-6.582373113,-5.158950236,-4.514049995,-5.012999887,-5.09,-5.24,-2.490829013,-3.228604924,-3.05,7/13/16 0:00,20.85023012,0,0.797020014,0.355678407,1.594040028,9.56202851,1.704511928,28.68608553,0,1,-5.001576317,-5.055513242,-5.651994099,-3.472707897,1.594040028,28.68608553,36.59808233,9.50603683,46800,318600,7676100,1960200,0,473400,1214100,0,135900,0,697500,42300,0,137700,314100,236700,43200,10800,0,6300,0,36000,0,7/13/16 0:00,20400000000,951000,5.308017738,0.922624985,4.657599956,2.50543033,5.15391831,3.727220942,5.150643819,5.79554406,5.296594168,0.889970923,0.742857032,3.487309214,2.749533303,2.928644975,772386.7148,5.887834795,3.78652E-05,-4.42175926,575.0309839,2.759691246,0.000604718,-3.218446981,1000,40,3140971.805,0,1.000072651,0,9,ETRS,0,3141200,0
41,-87.68412,44.456776,784285.9401,71903.76445,ETRS,736587,Fall,East Twin,0,0,0,0,0,-4.826299823,-4.467384918,-4.002637788,-4.922833483,-5.70771261,9/14/16 0:00,17.73515805,0,9.119477507,4.423899239,18.23895501,6.079651671,4.423899239,18.23895501,1,1,0,-5.892425713,0,-3.064327069,17.7829735,17.7829735,39.47879201,39.47879201,46800,318600,7676100,1960200,0,473400,1214100,0,135900,0,697500,42300,0,137700,314100,236700,43200,10800,0,6300,0,36000,0,9/14/16 0:00,0,10800000,0,1.142426777,0,3.970525421,0,0,0,0,0,2.208552666,2.567467571,3.032214702,2.112019007,1.327139879,0,0,0,0,660.4417339,2.819834509,6.09512E-05,-4.215017981,1000,41,3140971.805,0,1.000072651,0,9,ETRS,0,3141200,0
42,-87.68412,44.456776,784285.9401,71903.76445,ETRS,736628,Fall,East Twin,0,0,0,0,0,-5.83,-5.380644679,-3.685736566,-3.904825617,-2.903764351,10/25/16 0:00,11.08879696,0,0.031556516,0.014082421,0.063113032,0.021037677,0.014082421,0.063113032,0,0,0,-5.57101149,0,-3.776112445,0.063113032,0.063113032,0.45816296,0.45816296,46800,318600,7676100,1960200,0,473400,1214100,0,135900,0,697500,42300,0,137700,314100,236700,43200,10800,0,6300,0,36000,0,10/25/16 0:00,0,5290000,0,1.152625058,0,2.947524103,0,0,0,0,0,0.889970923,1.342991869,3.037899982,2.818810931,3.819872197,0,0,0,0,688.6777912,2.838016078,0.000130131,-3.88562047,1000,42,3140971.805,0,1.000072651,0,9,ETRS,0,3141200,0
43,-87.68412,44.456776,784285.9401,71903.76445,ETRS,736750,Winter,East Twin,-4.688020066,-5.320893294,-4.276816051,-4.141778674,-4.120188166,-4.083386623,-4.399090341,-4.023550555,-2.822762365,-3.905802781,2/24/17 0:00,-2.258041574,0,2.953557432,5.907114865,5.907114865,1.969038288,5.907114865,5.907114865,0,0,-7.652301525,-5.970902268,-6.792239874,-5.137671044,0,0,5.264262264,5.264262264,46800,318600,7676100,1960200,0,473400,1214100,0,135900,0,697500,42300,0,137700,314100,236700,43200,10800,0,6300,0,36000,0,2/24/17 0:00,2390000000,4680000,1.726100405,-9999,2.586162056,1.532201228,4.690381864,4.057508636,5.101585879,5.236623256,0,2.586485649,2.270781931,2.646321717,3.847109907,2.764069492,232870.9662,5.367115345,9.74346E-05,-4.011286585,7604.956629,3.881096742,0.001626389,-2.788775531,1000,43,3140971.805,0,1.000072651,0,9,ETRS,0,3141200,0
44,-87.68412,44.456776,784285.9401,71903.76445,ETRS,736837,Spring,East Twin,-5.046002007,-5.390717308,-3.914852186,-4.836032697,-4.521188392,-5.363036219,-5.627872412,-4.100467287,-4.41329405,-4.701761066,5/22/17 0:00,10.81044163,0,4.080441931,4.368270683,8.160883862,2.720294621,4.368270683,8.160883862,0,0,-4.897840256,-3.424167468,-5.231864183,-4.764183297,4.881915843,4.881915843,17.10372161,17.10372161,46800,318600,7676100,1960200,0,473400,1214100,0,135900,0,697500,42300,0,137700,314100,236700,43200,10800,0,6300,0,36000,0,5/22/17 0:00,5450000000,560000,4.838164709,2.323980981,4.504140783,0.984,4.690002959,4.345287658,5.82115278,4.899972269,5.214816574,0.385112231,0.742857032,1.647681163,1.334854399,1.046387383,150551.5777,5.177685311,2.76491E-05,-4.558319655,29.57885282,1.470981326,5.28242E-05,-4.277167123,1000,44,3140971.805,0,1.000072651,0,9,ETRS,0,3141200,0
45,-87.661285,44.556044,785784.8956,82981.71513,KR54,736524,Summer,Kewaunee,-4.146065788,-5.578884333,-3.81318607,-3.230154926,-3.646762526,-4.977134071,-5.703250675,-3.588114198,-5.13377434,-5.118967828,7/13/16 0:00,20.81469356,0,0.724636278,0.323376418,1.449272556,10.79037758,1.862885185,32.37113275,0,1,-4.159243125,-5.220740083,-4.275120276,-4.178135708,1.449272556,32.37113275,42.91645089,11.99459069,45900,590400,6665400,1840500,0,602100,344700,0,322200,0,1349100,16200,12600,207900,96300,78300,213300,0,0,11700,0,162900,0,7/13/16 0:00,1410000000,2790000,4.989833274,1.225367624,4.873956123,2.267971999,4.116583922,4.393795383,3.449047847,6.135909198,6.406007823,1.188989964,0.955600618,3.02354075,3.081093283,2.835232732,1405284.724,6.147764325,0.000103809,-3.983764172,1229.775175,3.089825722,0.00351351,-2.45425882,1000,45,3140902.035,0,0,1,10,KR54,0,0,3141600
46,-87.661285,44.556044,785784.8956,82981.71513,KR54,736587,Fall,Kewaunee,-4.691539744,-3.090693916,-4.203522501,-2.963803099,-3.204301598,-5.370758168,-5.867514555,-4.886049712,-4.894992675,-3.272858605,9/14/16 0:00,17.70174767,0,8.447540424,4.061934058,16.89508085,5.631693616,4.061934058,16.89508085,1,1,-7.598424596,-6.529993273,-7.255808523,-5.322234639,16.51904365,16.51904365,41.96168399,41.96168399,45900,590400,6665400,1840500,0,602100,344700,0,322200,0,1349100,16200,12600,207900,96300,78300,213300,0,0,11700,0,162900,0,9/14/16 0:00,10900000000,100000000,2.438436683,1.470193676,2.781052756,2.67795231,5.003010611,3.570192066,5.335890329,5.918921473,5.502313873,1.468973636,0.742857032,2.857993509,1.312333368,1.327139879,934113.3546,5.970399581,0.000662709,-3.178676818,55.50148148,1.744304576,0.00001987,-4.701803132,1000,46,3140902.035,0,0,1,10,KR54,0,0,3141600
47,-87.661285,44.556044,785784.8956,82981.71513,KR54,736628,Fall,Kewaunee,-3.270974137,-4.703980709,-3.160960774,-2.003302473,-2.968032468,-5.774470116,-5.08395406,-3.810177228,-4.219651002,-5.026974687,10/25/16 0:00,11.07701429,0,0.03191408,0.014241987,0.063828159,0.021276053,0.014241987,0.063828159,0,0,-5.016938855,-6.050557981,-8.418322631,-4.350932944,0.063828159,0.063828159,0.532758018,0.532758018,45900,590400,6665400,1840500,0,602100,344700,0,322200,0,1349100,16200,12600,207900,96300,78300,213300,0,0,11700,0,162900,0,10/25/16 0:00,1310000000,62500000,4.10035378,1.745574924,0,3.445199961,5.345321535,6.946167363,5.833338778,7.07305818,6.832559681,2.629428781,2.132672394,3.114137237,3.105194274,4.727328344,20887676.66,7.319890136,0.001918796,-2.716971143,1835.820624,3.263830244,1.83503E-05,-4.736356705,1000,47,3140902.035,0,0,1,10,KR54,0,0,3141600
48,-87.661285,44.556044,785784.8956,82981.71513,KR54,736750,Winter,Kewaunee,-4.997276339,-6.100691349,-4.503381286,-4.088494261,-4.886517473,-3.601938746,-5.420009019,-3.525221853,-2.851437558,-3.631112776,2/24/17 0:00,-2.293974601,0,2.777311101,5.554622202,5.554622202,1.851540734,5.554622202,5.554622202,0,0,-8.238686759,-5.694648123,-7.615517327,-4.745480011,0,0,4.878480649,4.878480649,45900,590400,6665400,1840500,0,602100,344700,0,322200,0,1349100,16200,12600,207900,96300,78300,213300,0,0,11700,0,162900,0,2/24/17 0:00,8240000000,2480000,1.677171378,-9999,2.30034081,1.648138116,5.846318498,4.413311926,5.956331861,7.113990162,6.149260167,2.021662789,2.712178846,3.985955678,3.576481903,2.769158218,13729271.89,7.137647506,0.010479845,-1.979645129,4391.775704,3.642640152,7.02275E-05,-4.153492754,1000,48,3140902.035,0,0,1,10,KR54,0,0,3141600
49,-87.661285,44.556044,785784.8956,82981.71513,KR54,736837,Spring,Kewaunee,-6.014944575,-5.737733114,-6.68248065,-3.995619299,-3.725520674,-4.355094578,-4.588483923,-2.520543791,-2.462991259,-2.708851809,5/22/17 0:00,10.75236194,0,3.87757888,3.966153606,7.75515776,2.585052587,3.966153606,7.75515776,0,0,-5.63261538,-3.445023743,-4.18330882,-4.113346997,4.877270244,4.877270244,17.34248538,17.34248538,45900,590400,6665400,1840500,0,602100,344700,0,322200,0,1349100,16200,12600,207900,96300,78300,213300,0,0,11700,0,162900,0,5/22/17 0:00,13500000000,350000,4.498913117,2.099060798,5.948219677,1.43,4.918581798,3.815166788,5.412476851,5.827363876,5.029340664,2.791679382,0.973609108,2.868396274,3.542180569,2.762505352,761430.6679,5.881630365,9.24213E-05,-4.034227772,4113.216117,3.614181529,0.001661741,-2.779436598,1000,49,3140902.035,0,0,1,10,KR54,0,0,3141600
50,-87.608414,44.51646,790113.2312,78707.45382,KRCA,736524,Summer,Kewaunee,-4.328556139,-5.749760111,-4.547914987,-2.933750343,-3.977453078,-4.591422328,-6.005806697,-2.8680622,-3.539053648,-3.615469198,7/13/16 0:00,20.72598859,0,1.031566124,0.460347029,2.063132248,10.48998306,1.924426234,31.46994918,0,1,-4.943292647,-6.148366523,-5.7880974,-3.731086985,2.063132248,31.46994918,39.6945355,10.28771856,36900,295200,4636800,3440700,17100,1332900,1107000,0,45000,34200,1507500,110700,0,61200,122400,156600,98100,164700,0,0,0,181800,0,7/13/16 0:00,3470000000,5610000,4.597393648,0.600297207,3.752588895,3.017576745,5.212130155,3.790926184,4.992771308,6.606935952,5.563233217,2.157241401,0.742857032,3.88060153,3.209610082,3.133194531,4214319.863,6.624727495,0.001213504,-2.9159588,1769.515093,3.247854271,0.000315639,-3.500809458,1000,50,3140927.618,0.752389194,0,0,11,KRCA,2363200,0,779600
51,-87.608414,44.51646,790113.2312,78707.45382,KRCA,736587,Fall,Kewaunee,-3.339615351,-2.404065757,-3.071312287,-2.660421331,-2.434935767,-5.622056723,-5.753374046,-4.259920798,-5.417642983,-3.721967033,9/14/16 0:00,17.67074378,0,8.735657556,4.163368091,17.47131511,5.823771704,4.163368091,17.47131511,1,1,-6.901545328,-6.306757906,-4.395300997,-5.327082621,17.13021453,17.13021453,38.20220886,38.20220886,36900,295200,4636800,3440700,17100,1332900,1107000,0,45000,34200,1507500,110700,0,61200,122400,156600,98100,164700,0,0,0,181800,0,9/14/16 0:00,1490000000,19500000,2.270284896,0.983270948,4.776529227,1.962946233,5.832214873,6.767764466,6.100517937,6.511408893,6.736894457,1.667972131,1.536654808,3.030108057,1.872385871,3.568061821,9784194.731,6.990525088,0.006587109,-2.181305136,155.5026519,2.1917378,7.9746E-06,-5.098291055,1000,51,3140927.618,0.752389194,0,0,11,KRCA,2363200,0,779600
52,-87.608414,44.51646,790113.2312,78707.45382,KRCA,736628,Fall,Kewaunee,-1.011503586,-2.357581843,-2.363178312,-2.277134043,-2.409215563,-6.989528428,-6.545416276,-3.758950507,-4.101803754,-3.303196414,10/25/16 0:00,11.0485101,0,0.024070426,0.010741676,0.048140852,0.016046951,0.010741676,0.048140852,0,0,-8.608684471,-6.985601019,-4.205274244,-5.026079164,0.048140852,0.048140852,0.441126928,0.441126928,36900,295200,4636800,3440700,17100,1332900,1107000,0,45000,34200,1507500,110700,0,61200,122400,156600,98100,164700,0,0,0,181800,0,10/25/16 0:00,2030000000,75800000,0,0.893898331,5.102380231,2.853420186,8.296150889,6.950072632,6.944476164,7.030520432,6.898438912,0.889970923,1.334083074,4.120548843,3.777695596,4.576302936,217407704.1,8.33727493,0.107058328,-0.970379546,6023.051728,3.779816593,7.94909E-05,-4.099682757,1000,52,3140927.618,0.752389194,0,0,11,KRCA,2363200,0,779600
53,-87.608414,44.51646,790113.2312,78707.45382,KRCA,736750,Winter,Kewaunee,0,0,0,0,0,0,0,0,0,0,2/24/17 0:00,-2.324527491,0,2.411422,4.822843999,4.822843999,1.607614666,4.822843999,4.822843999,0,0,0,0,0,0,0,0,5.09668533,5.09668533,36900,295200,4636800,3440700,17100,1332900,1107000,0,45000,34200,1507500,110700,0,61200,122400,156600,98100,164700,0,0,0,181800,0,2/24/17 0:00,0,0,0,-9999,0,0,0,0,0,0,0,0,0,0,0,0,0,0,0,0,0,0,0,0,1000,53,3140927.618,0.752389194,0,0,11,KRCA,2363200,0,779600
54,-87.608414,44.51646,790113.2312,78707.45382,KRCA,736837,Spring,Kewaunee,-5.625690274,-6.109869817,-4.106519812,-4.004411589,-4.062187952,-4.874011126,-4.246621707,-2.466029404,-2.548196766,-2.82036085,5/22/17 0:00,10.60238278,0,4.198820667,4.661481264,8.397641334,2.799213778,4.661481264,8.397641334,0,0,-5.375512946,-3.194477687,-2.916170893,-4.299736197,4.809248446,4.809248446,16.5567234,16.5567234,36900,295200,4636800,3440700,17100,1332900,1107000,0,45000,34200,1507500,110700,0,61200,122400,156600,98100,164700,0,0,0,181800,0,5/22/17 0:00,8930000000,199000,4.575436078,2.103681104,7.034778131,0.998,4.325258751,3.841079207,5.844429212,5.946537435,5.888761072,0.424147665,1.051537085,2.832129387,2.749962026,2.477797941,912256.3881,5.960116913,0.000102133,-3.990832111,576.2076312,2.760579006,0.002900148,-2.537579786,1000,54,3140927.618,0.752389194,0,0,11,KRCA,2363200,0,779600
55,-87.504471,44.463696,798553.5276,73095.8413,KRM,736524,Summer,Kewaunee,-4.214612014,-5.407829363,-4.770207181,-3.633853529,-3.889261962,-5.572345687,-6.696765988,-3.087829373,-2.776707542,-2.026008261,7/13/16 0:00,20.11964455,0,2.755773328,1.229792288,5.511546656,5.963576512,1.846115512,17.89072954,0,0,-4.38108722,-6.40148738,-4.798887463,-6.485029248,5.511546656,17.89072954,14.38303664,2.003853764,865800,2662200,1715400,1304100,0,32400,365400,488700,866700,283500,173700,0,174600,201600,0,10800,0,0,204300,158400,13500,20700,0,7/13/16 0:00,2010000000,27500000,4.922350153,1.03813564,4.50454991,0.954593772,5.088825359,3.89560801,4.533230193,5.669583844,5.414175411,1.867277333,0.742857032,4.351793647,4.662915478,5.413614759,597845.088,5.776588665,0.00029727,-3.526848708,46095.9002,4.663662301,0.001675094,-2.775960719,1000,55,3140966.336,0.651391891,0.009423851,0,12,KRM,2046000,29600,670000
56,-87.504471,44.463696,798553.5276,73095.8413,KRM,736587,Fall,Kewaunee,-3.494802003,-2.907732245,-3.463615123,-3.162992652,-2.60215734,-6.162674997,-6.244516403,-5.206902186,-4.544657615,-3.811513749,9/14/16 0:00,17.40909704,0,9.530147309,4.259097128,19.06029462,6.353431539,4.259097128,19.06029462,1,1,-6.585281374,-7.192713775,-5.878731932,-5.172727482,19.0523518,19.0523518,23.84900622,23.84900622,865800,2662200,1715400,1304100,0,32400,365400,488700,866700,283500,173700,0,174600,201600,0,10800,0,0,204300,158400,13500,20700,0,9/14/16 0:00,3340000000,209000000,2.937873089,1.126805392,3.644422531,3.146791685,6.028352459,6.615422218,6.05953934,6.360161811,6.920997122,2.15684417,2.075002764,3.112616981,3.774861552,4.508005417,7484166.96,6.874143467,0.002243825,-2.649010995,6217.071262,3.793585845,2.97897E-05,-4.525933321,1000,56,3140966.336,0.651391891,0.009423851,0,12,KRM,2046000,29600,670000
57,-87.504471,44.463696,798553.5276,73095.8413,KRM,736628,Fall,Kewaunee,-1.865935744,-2.678916782,-4.310964567,-2.783521755,-2.511830507,-6.493958276,-5.837892391,-3.493632403,-3.825131163,-3.018604725,10/25/16 0:00,10.80851915,0,0.000419628,0.000187263,0.000839256,0.000279752,0.000187263,0.000839256,0,0,-5.889322627,-6.76998034,-4.373051537,-4.654512384,0.000839256,0.000839256,0.009784704,0.009784704,865800,2662200,1715400,1304100,0,32400,365400,488700,866700,283500,173700,0,174600,201600,0,10800,0,0,204300,158400,13500,20700,0,10/25/16 0:00,7270000000,24200000,3.972451288,0.613948858,5.488722378,2.729416814,7.995838171,7.182857133,5.550809348,7.07825216,7.349943408,0.889970923,1.546036807,3.890296796,3.558798035,4.365324473,126256151.1,8.101252546,0.017357159,-1.760521369,3663.666771,3.563915966,0.000151352,-3.820013233,1000,57,3140966.336,0.651391891,0.009423851,0,12,KRM,2046000,29600,670000
58,-87.504471,44.463696,798553.5276,73095.8413,KRM,736750,Winter,Kewaunee,-4.515523167,-6.332310084,-3.86064206,-3.703265491,-3.885046846,-4.305061049,-5.581590349,-4.717932766,-3.219934169,-4.046036602,2/24/17 0:00,-2.494451235,0,0.928227629,1.856455257,1.856455257,0.618818419,1.856455257,1.856455257,0,0,-7.810632371,-6.102185262,-7.357064836,-5.140915957,0,0,6.369364548,6.369364548,865800,2662200,1715400,1304100,0,32400,365400,488700,866700,283500,173700,0,174600,201600,0,10800,0,0,204300,158400,13500,20700,0,2/24/17 0:00,1750000000,6330000,1.432247594,-9999,1.885815129,1.66023931,4.727356797,2.91056988,5.382237904,5.539614473,5.357833118,2.496094218,1.219564918,2.083222501,3.581221098,2.755118665,400620.4076,5.602733068,0.000229009,-3.640146896,4142.574527,3.61727033,0.00065481,-3.183884936,1000,58,3140966.336,0.651391891,0.009423851,0,12,KRM,2046000,29600,670000
59,-87.504471,44.463696,798553.5276,73095.8413,KRM,736837,Spring,Kewaunee,-5.140944842,-5.515718265,-3.664914989,-4.434865675,-4.453272137,-4.755734339,-5.1732364,-3.882460823,-3.223783551,-3.437759454,5/22/17 0:00,9.727590571,0,5.711617623,7.846545902,11.42323525,3.807745082,7.846545902,11.42323525,0,0,-3.896830914,-4.399704247,-4.31023439,-5.084278278,4.603975029,4.603975029,14.24949925,14.24949925,865800,2662200,1715400,1304100,0,32400,365400,488700,866700,283500,173700,0,174600,201600,0,10800,0,0,204300,158400,13500,20700,0,5/22/17 0:00,2540000000,5370000,5.507675399,2.330238789,5.094271922,1.65,4.26356147,3.888788047,5.739591324,4.969640638,4.951234175,1.974208697,1.556706636,2.847482212,3.506159485,3.292183582,119335.9263,5.076771209,4.70181E-05,-4.327735104,3337.714721,3.523449214,0.000621593,-3.206493822,1000,59,3140966.336,0.651391891,0.009423851,0,12,KRM,2046000,29600,670000
60,-87.602406,44.618035,790257.4824,90003.46467,KRS,736524,Summer,Kewaunee,-3.838523383,-5.21089736,-3.9118979,-2.938648291,-3.481448328,-5.343008308,-5.656605154,-3.888198179,-5.509495526,-5.494689015,7/13/16 0:00,20.78998196,0,0.658046166,0.293659893,1.316092332,13.43592557,2.234941549,40.30777672,0,1,-4.234233901,-4.624922908,-4.617716659,-3.36878378,1.316092332,40.30777672,53.62221596,14.63053157,8100,214200,7767900,1286100,2700,227700,504900,0,102600,0,2286000,0,0,81000,379800,70200,63000,900,0,0,0,189000,0,7/13/16 0:00,959000000,6630000,4.747414864,2.196905986,4.363932106,3.453045114,5.143125383,3.770751406,5.069750866,6.043000475,5.500200437,1.478820586,1.165223739,2.933630715,1.312333368,1.327139879,1249013.857,6.096567257,0.001302922,-2.885081509,65.2742948,1.814742189,9.83815E-06,-5.007086705,1000,60,3140867.943,0,0,1,13,KRS,0,0,3140800
61,-87.602406,44.618035,790257.4824,90003.46467,KRS,736587,Fall,Kewaunee,-4.331778878,-2.47212198,-3.92454817,-3.053519141,-3.045055413,-5.535848961,-5.682962851,-3.58209942,-4.294843904,-5.098680004,9/14/16 0:00,17.66128843,0,8.188390394,3.941391947,16.37678079,5.45892693,3.941391947,16.37678079,1,1,-7.465885143,-5.37966309,-7.132469487,-3.863246747,16.00704288,16.00704288,41.46760311,41.46760311,8100,214200,7767900,1286100,2700,227700,504900,0,102600,0,2286000,0,0,81000,379800,70200,63000,900,0,0,0,189000,0,9/14/16 0:00,4830000000,2670000,2.218145756,1.046156793,2.551561412,2.562573136,5.352252021,7.211908918,5.759482729,6.630511758,6.638975486,0.889970923,0.742857032,2.843720463,2.130975979,1.327139879,20785404.5,7.317758481,0.004302566,-2.366272418,148.4934094,2.171707179,5.57041E-05,-4.254112705,1000,61,3140867.943,0,0,1,13,KRS,0,0,3140800
62,-87.602406,44.618035,790257.4824,90003.46467,KRS,736628,Fall,Kewaunee,-3.59148695,-4.966036507,-1.724224821,-3.76386649,-3.277393709,-5.515471959,-4.64973798,-3.433178145,-3.525838848,-2.973237886,10/25/16 0:00,11.05006499,0,0.026757862,0.011940972,0.053515724,0.017838575,0.011940972,0.053515724,0,0,-8.617120241,-5.027091149,-6.996912573,-3.461859872,0.053515724,0.053515724,0.613415691,0.613415691,8100,214200,7767900,1286100,2700,227700,504900,0,102600,0,2286000,0,0,81000,379800,70200,63000,900,0,0,0,189000,0,10/25/16 0:00,2070000000,2540000,0,1.378351732,2.319177672,2.943583009,5.724603295,4.350053738,7.591865424,5.552223755,6.038696536,0.889970923,1.755704901,2.972264737,2.879604033,3.432204996,909424.5428,5.95876667,0.000439214,-3.357323575,822.6259092,2.915202384,0.000323415,-3.490240498,1000,62,3140867.943,0,0,1,13,KRS,0,0,3140800
63,-87.602406,44.618035,790257.4824,90003.46467,KRS,736750,Winter,Kewaunee,-4.420760454,-5.950655008,-3.835901967,-3.483947474,-4.102442028,-4.223957182,-5.708480602,-4.553748754,-2.601565472,-3.497612012,2/24/17 0:00,-2.370554284,0,2.596030975,5.19206195,5.19206195,1.730687317,5.19206195,5.19206195,0,0,-7.961414277,-6.432466976,-7.189429947,-5.831051135,0,0,4.417960463,4.417960463,8100,214200,7767900,1286100,2700,227700,504900,0,102600,0,2286000,0,0,81000,379800,70200,63000,900,0,0,0,189000,0,2/24/17 0:00,2390000000,13500000,1.417205049,-9999,2.189189379,1.300385845,4.957858871,3.427964318,5.542717359,5.894671852,5.276177298,2.907479799,1.422956378,2.577688226,4.529871509,3.633824969,878074.0485,5.943531142,0.000367208,-3.435088184,34709.00166,4.540442122,0.002564514,-2.590994858,1000,63,3140867.943,0,0,1,13,KRS,0,0,3140800
64,-87.602406,44.618035,790257.4824,90003.46467,KRS,736837,Spring,Kewaunee,-6.188696626,-6.287928225,-3.853852276,-5.456839147,-4.749576575,-4.978804339,-4.909375271,-2.568668975,-3.899998703,-4.097887886,5/22/17 0:00,10.64564585,0,3.821310788,3.841774736,7.642621577,2.547540526,3.841774736,7.642621577,0,0,-4.927124054,-3.032388418,-3.931392984,-4.488221274,4.892514352,4.892514352,16.64751806,16.64751806,8100,214200,7767900,1286100,2700,227700,504900,0,102600,0,2286000,0,0,81000,379800,70200,63000,900,0,0,0,189000,0,5/22/17 0:00,3420000000,853000,4.607522699,2.898640384,5.603253769,1.44,3.345950128,3.246718528,5.680794477,4.077807606,4.785070178,0.952224463,1.02165353,3.362359826,2.031030098,1.833140915,15944.94019,4.202622895,4.65561E-06,-5.332023859,126.8758909,2.103379105,0.000148713,-3.827649697,1000,64,3140867.943,0,0,1,13,KRS,0,0,3140800
65,-87.527175,44.477952,796699.443,74623.93814,Loop,736524,Summer,Kewaunee,-5.036461665,-6.55493545,-4.622642491,-4.041326939,-4.376096173,-4.80188739,-5.416747444,-2.693336189,-3.601800344,-2.701729521,7/13/16 0:00,20.40608485,0,2.025637577,0.903961674,4.051275155,8.089984051,1.910590328,24.26995215,0,1,-5.037907982,-6.237085729,-5.022187164,-4.211369838,4.051275155,24.26995215,25.68168977,5.463012766,0,226800,3650400,1395900,0,144000,605700,265500,774900,18000,414000,0,0,34200,27000,263700,17100,71100,79200,231300,8100,56700,0,7/13/16 0:00,12300000000,8630000,5.052590484,0,5.068311302,2.724685895,5.054036801,3.535563016,5.467855975,6.049171527,5.714402293,2.134168343,1.519308289,4.242719544,3.334255388,4.234326212,1236561.857,6.092215846,0.000100396,-3.99828262,2328.271318,3.367033588,0.00026976,-3.569022145,1000,65,3140955.355,0.624396013,0.322194965,0,14,Loop,1961200,1012000,167200
66,-87.527175,44.477952,796699.443,74623.93814,Loop,736587,Fall,Kewaunee,-4.397356947,-2.882659776,-3.593213665,-3.412758002,-2.918222361,-5.326962558,-6.113979619,-4.758890362,-4.112074993,-6.284930967,9/14/16 0:00,17.53849242,0,9.200707122,4.218846451,18.40141424,6.133804748,4.218846451,18.40141424,1,1,-6.977295212,-6.441224024,-6.930436784,-4.165549081,18.25604119,18.25604119,29.661214,29.661214,0,226800,3650400,1395900,0,144000,605700,265500,774900,18000,414000,0,0,34200,27000,263700,17100,71100,79200,231300,8100,56700,0,9/14/16 0:00,5590000000,40900000,2.770122229,1.170846822,2.816980657,3.446521765,5.350060494,6.864757665,6.154203776,6.334659439,6.82919508,2.285108288,1.498091227,2.853180483,3.499995853,1.327139879,9709083.88,6.987178253,0.001736844,-2.760239188,3386.532118,3.529755199,8.27341E-05,-4.082315647,1000,66,3140955.355,0.624396013,0.322194965,0,14,Loop,1961200,1012000,167200
67,-87.527175,44.477952,796699.443,74623.93814,Loop,736628,Fall,Kewaunee,-2.907862461,-8.13866809,-2.722723509,-2.475523061,-3.059986448,-6.970868621,-6.087775272,-4.491009285,-2.530726008,-3.174938137,10/25/16 0:00,10.92915935,0,0.008242785,0.003678428,0.016485569,0.00549519,0.003678428,0.016485569,0,0,-8.182555118,-5.883292346,-8.182555118,-4.97168199,0.016485569,0.016485569,0.180963014,0.180963014,0,226800,3650400,1395900,0,144000,605700,265500,774900,18000,414000,0,0,34200,27000,263700,17100,71100,79200,231300,8100,56700,0,10/25/16 0:00,761000000,72600000,0,1.977547198,0,2.889157554,5.973662661,0.742857032,6.158801613,6.406002061,5.821538674,0.889970923,1.773064271,3.369830258,5.330113536,4.685901406,3488006.138,6.54257724,0.004581969,-2.338947882,213919.1713,5.330249708,0.002947204,-2.530589836,1000,67,3140955.355,0.624396013,0.322194965,0,14,Loop,1961200,1012000,167200
68,-87.527175,44.477952,796699.443,74623.93814,Loop,736750,Winter,Kewaunee,-4.642151438,-6.262720153,-3.423523283,-3.46379222,-5.441606898,-4.3596024,-5.538758538,-4.764872748,-3.149668242,-4.002053268,2/24/17 0:00,-2.415443618,0,1.448947115,2.897894229,2.897894229,0.965964743,2.897894229,2.897894229,0,0,-7.667353424,-6.464129616,-7.25279095,-6.099233596,0,0,5.836581734,5.836581734,0,226800,3650400,1395900,0,144000,605700,265500,774900,18000,414000,0,0,34200,27000,263700,17100,71100,79200,231300,8100,56700,0,2/24/17 0:00,1180000000,14600000,1.405245403,-9999,1.819807876,1.063866024,4.430447389,2.809878673,5.649075544,5.608806606,3.630991928,2.80349722,1.624341082,2.398226872,4.013431378,3.161046352,433850.9411,5.637340544,0.000367064,-3.435258283,10992.26541,4.041087206,0.000755071,-3.122012414,1000,68,3140955.355,0.624396013,0.322194965,0,14,Loop,1961200,1012000,167200
69,-87.527175,44.477952,796699.443,74623.93814,Loop,736837,Spring,Kewaunee,-5.80065953,-5.417289309,-3.304742636,-4.441312473,-4.370225356,-4.813263732,-5.478880638,-3.782938254,-3.256229425,-3.225135118,5/22/17 0:00,10.13099739,0,5.077579497,6.523352287,10.15515899,3.385052998,6.523352287,10.15515899,0,0,-5.192945463,-4.213555112,-2.615431026,-5.753073712,4.674923032,4.674923032,15.09802442,15.09802442,0,226800,3650400,1395900,0,144000,605700,265500,774900,18000,414000,0,0,34200,27000,263700,17100,71100,79200,231300,8100,56700,0,5/22/17 0:00,2170000000,1670000,4.144049101,2.008182558,6.721563538,0.469,3.536335034,3.919705255,6.032251928,4.895682091,4.966769208,1.408473939,0.742857032,2.438799416,2.965508245,2.996602553,90397.2128,4.95615504,4.16064E-05,-4.380839524,954.7971988,2.979911136,0.000573025,-3.241826534,1000,69,3140955.355,0.624396013,0.322194965,0,14,Loop,1961200,1012000,167200
70,-87.602148,44.602171,790329.9949,88242.04961,Maple,736524,Summer,Kewaunee,-4.744002986,-9.685158984,-5.095023092,-4.510929678,-4.329256024,-4.831127784,-5.639638738,-3.733640464,-5.805403368,-5.790596856,7/13/16 0:00,20.78311567,0,0.705854357,0.314994791,1.411708713,12.89205442,2.170282738,38.67616327,0,1,-5.677003709,-6.257853775,-5.958960013,-5.141103444,1.411708713,38.67616327,51.21186278,13.94740823,0,24300,1921500,112500,0,2700,0,0,9900,0,152100,0,0,12600,190800,193500,23400,7200,0,11700,0,345600,0,7/13/16 0:00,26800000000,13100000,4.751012308,0.859882961,4.469056004,1.976633292,5.684013031,0.742857032,5.332992925,5.917086339,6.098759992,2.286608952,1.478097998,3.384096272,1.312333368,1.327139879,1309281.012,6.11703287,4.88671E-05,-4.310983147,244.0628348,2.387501651,1.86108E-05,-4.730235084,1000,70,3140875.973,0,0,1,15,Maple,0,0,2991600
71,-87.602148,44.602171,790329.9949,88242.04961,Maple,736587,Fall,Kewaunee,-2.441166779,-2.808471621,-2.781729837,-2.818140511,-2.30187635,-5.717357699,-5.781718533,-4.013608608,-5.187429917,-3.764563929,9/14/16 0:00,17.66441317,0,8.253623796,3.970022207,16.50724759,5.502415864,3.970022207,16.50724759,1,1,-5.904757668,-6.109927237,-4.827092239,-5.436394968,16.1381286,16.1381286,41.17455654,41.17455654,0,24300,1921500,112500,0,2700,0,0,9900,0,152100,0,0,12600,190800,193500,23400,7200,0,11700,0,345600,0,9/14/16 0:00,4830000000,6440000,3.778961383,0,4.856626812,1.372502274,7.242552272,6.87524743,6.901989214,6.86557854,7.381842702,1.091539542,1.027178709,2.795288634,1.621467325,3.044333313,32321666.21,7.509493741,0.006695372,-2.17422531,64.82020894,1.811710427,0.000010065,-4.997186815,1000,71,3140875.973,0,0,1,15,Maple,0,0,2991600
72,-87.602148,44.602171,790329.9949,88242.04961,Maple,736628,Fall,Kewaunee,-2.131378199,-2.979299795,-3.889905493,-3.726972876,-2.583137677,-4.6945318,-4.791227513,-2.452012816,-2.532570881,-1.69932299,10/25/16 0:00,11.05169398,0,0.026686325,0.011909048,0.053372651,0.017790884,0.011909048,0.053372651,0,0,-5.799271177,-4.882251837,-7.104197953,-2.757292897,0.053372651,0.053372651,0.588894315,0.588894315,0,24300,1921500,112500,0,2700,0,0,9900,0,152100,0,0,12600,190800,193500,23400,7200,0,11700,0,345600,0,10/25/16 0:00,4150000000,384000,3.818689492,0.702250886,2.513762716,2.827209826,7.48658247,6.638660874,5.728055176,5.890987793,7.034822992,0.889970923,0.79327521,3.132489907,3.051931842,3.885179733,35790462.5,7.553767311,0.008625944,-2.064193359,1140.995145,3.057283796,0.002970168,-2.527218926,1000,72,3140875.973,0,0,1,15,Maple,0,0,2991600
73,-87.602148,44.602171,790329.9949,88242.04961,Maple,736750,Winter,Kewaunee,-4.618169913,-6.126659917,-3.808781583,-3.956643196,-4.221834312,-3.578518558,-5.238372594,-3.838299455,-2.475929693,-3.086306949,2/24/17 0:00,-2.36119659,0,2.580255603,5.160511206,5.160511206,1.720170402,5.160511206,5.160511206,0,0,-7.912961959,-5.877701648,-7.029531125,-5.009431271,0,0,4.507680604,4.507680604,0,24300,1921500,112500,0,2700,0,0,9900,0,152100,0,0,12600,190800,193500,23400,7200,0,11700,0,345600,0,2/24/17 0:00,2790000000,3770000,1.532576461,-9999,2.416007295,1.567240382,4.827368507,3.318878503,5.636756837,5.488895224,5.223704108,2.998153094,1.338299059,2.738372198,4.100741959,3.490364704,377528.2093,5.576949408,0.000135335,-3.868589012,13628.32876,4.134442602,0.003612193,-2.442229051,1000,73,3140875.973,0,0,1,15,Maple,0,0,2991600
74,-87.602148,44.602171,790329.9949,88242.04961,Maple,736837,Spring,Kewaunee,-6.225747346,-5.11951922,-6.077921663,-5.760305011,-5.10114521,-5.092342951,-4.459520114,-3.898055416,-4.140594988,-3.932042386,5/22/17 0:00,10.64532202,0,3.864631512,3.945946856,7.729263025,2.576421008,3.945946856,7.729263025,0,0,-5.367973562,-4.280549689,-3.960666586,-4.996566272,4.869948574,4.869948574,16.6974726,16.6974726,0,24300,1921500,112500,0,2700,0,0,9900,0,152100,0,0,12600,190800,193500,23400,7200,0,11700,0,345600,0,5/22/17 0:00,10900000000,3950000,4.67026396,2.316531254,6.077570936,1.6,3.812490176,4.918718302,3.960315859,4.277932511,4.937092312,1.504737992,2.137560829,2.699025527,2.456485955,2.665038557,108389.0487,5.034985405,9.9254E-06,-5.003252117,455.3139631,2.658310969,0.000115141,-3.938769974,1000,74,3140875.973,0,0,1,15,Maple,0,0,2991600
75,-87.684674,44.574328,783869.4853,84959.33316,River,736524,Summer,Kewaunee,-5.471877615,-6.258970914,-5.788836623,-3.990604361,-4.688788232,-5.95327883,-6.10039272,-2.707233711,-5.530916384,-3.322504757,7/13/16 0:00,20.84064049,0,0.631448594,0.281790452,1.262897188,10.60798511,1.803335943,31.82395533,0,1,-5.813451465,-6.177887699,-6.263358074,-5.748031549,1.262897188,31.82395533,43.11063377,12.54957562,0,360900,5840100,1619100,0,270900,571500,0,99000,0,1306800,0,0,7200,179100,138600,42300,50400,0,43200,0,324900,0,7/13/16 0:00,37300000000,6970000,4.757981064,0.665362053,4.308074455,1.095218203,5.099554914,4.312461615,4.782595907,6.580828169,5.882644297,0.889970923,0.742857032,4.136016042,1.312333368,3.520744995,3955447.844,6.597195662,0.000106112,-3.974236867,33.82100396,1.529186495,4.85218E-06,-5.314063257,1000,75,3140891.222,0,0,1,16,River,0,0,3142400
76,-87.684674,44.574328,783869.4853,84959.33316,River,736587,Fall,Kewaunee,-4.125911684,-4.869706941,-4.418950871,-3.207521215,-3.981622386,-6.110849621,-6.257963511,-3.97255969,-5.688487175,-4.126580735,9/14/16 0:00,17.71117519,0,8.300525996,3.997110392,16.60105199,5.533683998,3.997110392,16.60105199,1,1,-6.925234609,-5.434956243,-6.516234947,-4.436142405,16.22400685,16.22400685,43.66908945,43.66908945,0,360900,5840100,1619100,0,270900,571500,0,99000,0,1306800,0,0,7200,179100,138600,42300,50400,0,43200,0,324900,0,9/14/16 0:00,770000000,10000000,0,1.5658643,2.37003665,2.564678138,4.760359913,4.016564656,4.467320726,5.678750382,4.904649211,0.889970923,0.742857032,3.028260854,1.312333368,2.874239808,545235.3693,5.736584021,0.000708455,-3.149687576,33.82100396,1.529186495,3.37572E-06,-5.471634048,1000,76,3140891.222,0,0,1,16,River,0,0,3142400
77,-87.684674,44.574328,783869.4853,84959.33316,River,736628,Fall,Kewaunee,-2.87761762,-4.591385701,-1.338092849,-3.017792633,-2.588050707,-6.751805993,-5.703096924,-4.083218233,-3.763865671,-3.150589772,10/25/16 0:00,11.08608634,0,0.034906351,0.015577319,0.069812702,0.023270901,0.015577319,0.069812702,0,0,-6.847408691,-5.131998632,-7.993894212,-4.816184229,0.069812702,0.069812702,0.560941916,0.560941916,0,360900,5840100,1619100,0,270900,571500,0,99000,0,1306800,0,0,7200,179100,138600,42300,50400,0,43200,0,324900,0,10/25/16 0:00,493000000,43800000,1.845455525,2.509778284,0,2.825592687,5.815246597,4.101478515,7.354771367,5.675071583,6.104813509,0.889970923,1.938679992,3.558558682,3.877911245,4.491187144,1139362.951,6.056662093,0.002310989,-2.636202123,7643.973269,3.88331916,0.000174398,-3.758457756,1000,77,3140891.222,0,0,1,16,River,0,0,3142400
78,-87.684674,44.574328,783869.4853,84959.33316,River,736750,Winter,Kewaunee,0,0,0,0,0,-3.90927653,-4.754426698,-4.073598759,-2.675161711,-4.162150245,2/24/17 0:00,-2.281313043,0,2.893292776,5.786585552,5.786585552,1.928861851,5.786585552,5.786585552,0,0,0,-5.819678717,0,-4.881692344,0,0,4.826884988,4.826884988,0,360900,5840100,1619100,0,270900,571500,0,99000,0,1306800,0,0,7200,179100,138600,42300,50400,0,43200,0,324900,0,2/24/17 0:00,0,3300000,0,-9999,0,1.636956378,0,0,0,0,0,2.609372192,1.764222023,2.445049963,3.84348701,2.356498476,0,0,0,0,7438.97931,3.871513351,0.002253537,-2.647135371,1000,78,3140891.222,0,0,1,16,River,0,0,3142400
79,-87.684674,44.574328,783869.4853,84959.33316,River,736837,Spring,Kewaunee,-5.561385418,-6.648443482,-3.868528408,-4.475361316,-4.507726463,-4.801256923,-5.553596947,-3.69939176,-3.79034978,-3.697272826,5/22/17 0:00,10.80297717,0,3.75571671,3.698711748,7.51143342,2.50381114,3.698711748,7.51143342,0,0,-5.460608641,-4.135692177,-4.368310898,-4.870575175,4.907799835,4.907799835,17.74083144,17.74083144,0,360900,5840100,1619100,0,270900,571500,0,99000,0,1306800,0,0,7200,179100,138600,42300,50400,0,43200,0,324900,0,5/22/17 0:00,13800000000,2480000,4.677838256,2.258763107,5.770135999,1.52,4.577061479,3.490003415,6.269918489,5.663085581,5.630720434,1.593198361,0.840858337,2.695063524,2.604105504,2.697182457,501200.1633,5.700011204,3.64388E-05,-4.438435693,448.0125114,2.651290142,0.000180649,-3.743165141,1000,79,3140891.222,0,0,1,16,River,0,0,3142400
80,-87.642252,44.545126,787331.6523,81812.76029,Rockledge,736524,Summer,Kewaunee,-8.301449151,-8.448563042,-3.365551865,-2.765572698,-3.458121263,-5.088759077,-5.480202985,-3.48294976,-7.08896696,-6.28386177,7/13/16 0:00,20.7902926,0,0.804953136,0.359218644,1.609906272,10.85609277,1.900545229,32.5682783,0,1,-4.470886518,-6.646315923,-4.694787589,-6.054702014,1.609906272,32.5682783,42.55499891,11.59662688,0,374400,837000,741600,0,576000,900000,0,63900,0,686700,10800,0,65700,177300,65700,98100,88200,0,27900,0,258300,2700,7/13/16 0:00,1550000000,40800000,4.720533556,0.964685726,4.496632485,1.556299635,0.889970923,0.742857032,5.825868209,6.425847376,5.733298811,2.522242571,2.130798664,4.128051889,0.522034689,1.327139879,2665934.911,6.425849542,0.001715653,-2.765570532,471.3168601,2.673312976,1.15428E-05,-4.937688673,1000,80,3140908.795,0.847398054,0,0,17,Rockledge,2661600,0,459600
81,-87.642252,44.545126,787331.6523,81812.76029,Rockledge,736587,Fall,Kewaunee,-4.063941046,-2.499801628,-3.128358555,-3.286156839,-3.248147706,-4.976300117,-4.891037978,-4.072197077,-4.573740318,-6.259030636,9/14/16 0:00,17.69239857,0,8.533791819,4.095514809,17.06758364,5.689194546,4.095514809,17.06758364,1,1,-7.920246837,-6.443750924,-6.614939037,-5.337767519,16.69786644,16.69786644,40.78595094,40.78595094,0,374400,837000,741600,0,576000,900000,0,63900,0,686700,10800,0,65700,177300,65700,98100,88200,0,27900,0,258300,2700,9/14/16 0:00,13800000000,38600000,2.218657166,1.142419591,3.523964966,2.248402996,6.074962957,7.639102374,7.010545448,6.852747164,6.890756296,2.609870398,2.695132536,3.513973438,3.012430196,1.327139879,51874237.01,7.714951722,0.003767452,-2.423952281,1931.895257,3.285983576,5.00972E-05,-4.300186938,1000,81,3140908.795,0.847398054,0,0,17,Rockledge,2661600,0,459600
82,-87.642252,44.545126,787331.6523,81812.76029,Rockledge,736628,Fall,Kewaunee,-3.867984581,-5.970570429,-3.679433291,-2.746750117,-2.751722218,-5.134766963,-4.549848469,-3.612318235,-3.00950807,-2.27729201,10/25/16 0:00,11.06862204,0,0.029398744,0.013119493,0.058797488,0.019599163,0.013119493,0.058797488,0,0,-8.118212612,-5.297809795,-6.379402785,-3.521656933,0.058797488,0.058797488,0.510042159,0.510042159,0,374400,837000,741600,0,576000,900000,0,63900,0,686700,10800,0,65700,177300,65700,98100,88200,0,27900,0,258300,2700,10/25/16 0:00,656000000,1960000,0,0.995444823,2.437779831,2.771597685,4.949198035,2.846612187,5.137749325,6.070432499,6.065460399,1.158487655,1.74340615,2.680936383,3.283746548,4.015962608,1265731.291,6.102341517,0.00192823,-2.714841099,1991.760687,3.299237156,0.001013871,-2.994017462,1000,82,3140908.795,0.847398054,0,0,17,Rockledge,2661600,0,459600
83,-87.642252,44.545126,787331.6523,81812.76029,Rockledge,736750,Winter,Kewaunee,-4.768097493,-5.730401891,-4.148705247,-3.511883711,-3.559418677,-4.421094485,-5.435911709,-4.787850301,-3.269366584,-3.516624149,2/24/17 0:00,-2.305390116,0,2.669562344,5.339124688,5.339124688,1.779708229,5.339124688,5.339124688,0,0,-8.133178127,-6.583020733,-7.495847575,-5.70638973,0,0,4.918489654,4.918489654,0,374400,837000,741600,0,576000,900000,0,63900,0,686700,10800,0,65700,177300,65700,98100,88200,0,27900,0,258300,2700,2/24/17 0:00,4680000000,19100000,1.537102002,-9999,2.174432555,1.575601007,4.902182637,3.939878238,5.521574882,6.158396419,6.110861453,2.860896253,1.846079029,2.494140437,4.012624153,3.765366589,1528652.724,6.184308835,0.000326609,-3.485971295,11091.03872,4.044972222,0.000579404,-3.237018516,1000,83,3140908.795,0.847398054,0,0,17,Rockledge,2661600,0,459600
84,-87.642252,44.545126,787331.6523,81812.76029,Rockledge,736837,Spring,Kewaunee,-5.319719678,-6.066950044,-3.450407742,-3.893611496,-4.154037903,-4.706424606,-4.651467376,-3.487552693,-2.703039902,-2.852505189,5/22/17 0:00,10.70706979,0,3.968549036,4.165130278,7.937098072,2.645699357,4.165130278,7.937098072,0,0,-5.356584844,-4.181801152,-4.959657612,-5.419820304,4.855340754,4.855340754,17.0678847,17.0678847,0,374400,837000,741600,0,576000,900000,0,63900,0,686700,10800,0,65700,177300,65700,98100,88200,0,27900,0,258300,2700,5/22/17 0:00,4650000000,1530000,4.311222825,2.00191597,4.708150057,0.764,4.348087991,3.600857625,6.217399927,5.774196173,5.513769766,1.477292516,1.532249746,2.696164429,3.48067722,3.331211933,620838.4713,5.792978621,0.000133405,-3.874829048,3088.736806,3.489780903,0.002023316,-2.693936218,1000,84,3140908.795,0.847398054,0,0,17,Rockledge,2661600,0,459600
85,-87.647982,44.520515,786955.7086,79065.97853,SCBig,736524,Summer,Kewaunee,-4.901863675,-6.830755055,-4.833557332,-3.116968053,-4.73580982,-5.016913384,-5.362078439,-3.445112132,-5.28954076,-2.922241467,7/13/16 0:00,20.78766497,0,0.857549643,0.382690378,1.715099286,10.40244885,1.851022909,31.20734654,0,1,-6.002744605,-5.902904124,-6.268789716,-2.79957397,1.715099286,31.20734654,40.28923913,10.79699188,8100,180900,5746500,1397700,0,289800,496800,0,24300,0,613800,0,0,66600,387000,176400,0,60300,0,12600,0,82800,0,7/13/16 0:00,47700000000,4000000,4.676016576,0,4.409971465,3.802300158,4.525609521,3.709033929,6.141408452,5.273994174,5.14554322,0.831438357,0.901543982,2.613678361,3.277841263,1.860742779,226589.9674,5.355240677,1.95763E-05,-4.708268951,1910.767621,3.281207873,0.005696687,-2.24437766,1000,85,3140924.861,0.94812838,0,0,18,SCBig,2978000,0,165200
86,-87.647982,44.520515,786955.7086,79065.97853,SCBig,736587,Fall,Kewaunee,-4.787973129,-9.124122012,-3.081143059,-3.550643608,-4.852543984,-4.413880523,-4.718910078,-4.104367525,-4.902527738,-3.432119201,9/14/16 0:00,17.69774685,0,8.680241652,4.164688817,17.3604833,5.786827768,4.164688817,17.3604833,1,1,-7.999084243,-5.738608404,-4.497419985,-4.898709328,16.98584989,16.98584989,40.05314446,40.05314446,8100,180900,5746500,1397700,0,289800,496800,0,24300,0,613800,0,0,66600,387000,176400,0,60300,0,12600,0,82800,0,9/14/16 0:00,7360000000,5590000,1.867894801,1.009182907,5.369559059,1.849081983,5.776897506,3.848006126,5.845203849,7.561793129,5.942951361,1.584960744,1.239795689,3.156761996,1.312333368,3.679632661,37063341.61,7.568944572,0.000776575,-3.109816609,76.35290952,1.882825591,1.90964E-05,-4.719048537,1000,86,3140924.861,0.94812838,0,0,18,SCBig,2978000,0,165200
87,-87.647982,44.520515,786955.7086,79065.97853,SCBig,736628,Fall,Kewaunee,-1.907507571,-3.253855561,-2.508752471,-2.700181721,-2.481566487,-5.716067433,-5.765795962,-4.047415053,-4.019682759,-3.319357956,10/25/16 0:00,11.07032217,0,0.029213998,0.013037048,0.058427997,0.019475999,0.013037048,0.058427997,0,0,-6.068811212,-2.71443992,-3.834328895,-1.46654047,0.058427997,0.058427997,0.481443468,0.481443468,8100,180900,5746500,1397700,0,289800,496800,0,24300,0,613800,0,0,66600,387000,176400,0,60300,0,12600,0,82800,0,10/25/16 0:00,3960000000,11400000,3.529153869,4.343517774,5.763636186,5.591417224,5.079005916,0.742857032,6.785835985,6.316335436,5.01443506,2.333910788,2.028881233,2.643423786,1.845263572,3.31567211,2191697.978,6.340780707,0.000297716,-3.526198337,392.6330636,2.593986869,7.01771E-05,-4.153804442,1000,87,3140924.861,0.94812838,0,0,18,SCBig,2978000,0,165200
88,-87.647982,44.520515,786955.7086,79065.97853,SCBig,736750,Winter,Kewaunee,-4.010416941,-5.06177676,-3.381245787,-3.14000771,-4.120188166,-3.865876342,-4.816900973,-4.220568576,-2.778706526,-3.685324235,2/24/17 0:00,-2.295032976,0,2.673562725,5.34712545,5.34712545,1.78237515,5.34712545,5.34712545,0,0,-7.762395074,-6.182806838,-6.934617186,-5.321346346,0,0,5.046646527,5.046646527,8100,180900,5746500,1397700,0,289800,496800,0,24300,0,613800,0,0,66600,387000,176400,0,60300,0,12600,0,82800,0,2/24/17 0:00,2250000000,7620000,1.589457756,-9999,2.417235644,1.560430497,7.69045751,6.34410952,7.08921261,6.89778336,7.116398594,1.34189026,1.292161731,3.010542641,3.038274935,3.738599738,59140909.83,7.771888001,0.014925295,-1.826077079,1133.700292,3.054498258,9.92066E-05,-4.003459435,1000,88,3140924.861,0.94812838,0,0,18,SCBig,2978000,0,165200
89,-87.647982,44.520515,786955.7086,79065.97853,SCBig,736837,Spring,Kewaunee,-5.537900107,-6.354475699,-3.922101176,-4.789515454,-4.917966408,-4.694147177,-4.624041552,-2.911907173,-2.247744271,-3.664842755,5/22/17 0:00,10.71057305,0,4.039665957,4.313338246,8.079331913,2.693110638,4.313338246,8.079331913,0,0,-5.368130044,-4.270766207,-5.642632821,-3.782015782,4.847650757,4.847650757,17.01446538,17.01446538,8100,180900,5746500,1397700,0,289800,496800,0,24300,0,613800,0,0,66600,387000,176400,0,60300,0,12600,0,82800,0,5/22/17 0:00,11600000000,335000,4.695379585,1.254819326,4.420876807,1.74,5.341435889,4.290076069,5.970607042,6.21184512,5.231664664,3.015900501,2.06487587,2.661208267,4.103070317,3.196452608,1867717.64,6.271311221,0.000830727,-3.080541609,13831.97369,4.140884154,0.001815964,-2.740892689,1000,89,3140924.861,0.94812838,0,0,18,SCBig,2978000,0,165200
90,-87.621803,44.514257,789056.3789,78431.50776,SCKR,736524,Summer,Kewaunee,-3.279741964,-7.740790247,-3.159109288,-2.609714296,-3.040988812,-4.003154759,-5.305398781,-2.632445247,-4.735922446,-4.721115934,7/13/16 0:00,20.74586191,0,0.980415546,0.437520556,1.960831092,10.42139947,1.896449308,31.26419842,0,1,-3.924564836,-4.069153477,-3.45778867,-3.408020949,1.960831092,31.26419842,39.67158231,10.36821498,0,0,911700,297000,0,18900,48600,0,0,0,98100,25200,0,20700,0,238500,154800,65700,0,0,0,303300,0,7/13/16 0:00,305000000,1120000,4.559082443,1.979102336,5.025858609,2.640234864,5.203905315,0.742857032,5.324537991,5.873932983,5.442658467,2.045101055,0.742857032,3.415810566,1.312333368,1.327139879,907980.5217,5.958076532,0.002981462,-2.525570747,137.0023461,2.136728004,0.000122595,-3.911527809,1000,90,3140929.129,0.657003044,0,0,19,SCKR,2063600,0,0
91,-87.621803,44.514257,789056.3789,78431.50776,SCKR,736587,Fall,Kewaunee,-4.056495436,-2.239793968,-3.780773613,-2.296932233,-2.537588386,-5.551676035,-5.659182254,-4.19400432,-5.114576102,-3.774630708,9/14/16 0:00,17.6804445,0,8.737907524,4.173656012,17.47581505,5.825271683,4.173656012,17.47581505,1,1,-6.804837062,-6.33064633,-6.177352877,-2.923249779,17.12276414,17.12276414,38.70471811,38.70471811,0,0,911700,297000,0,18900,48600,0,0,0,98100,25200,0,20700,0,238500,154800,65700,0,0,0,303300,0,9/14/16 0:00,1000000000,10700000,2.194961244,0,2.822445429,4.106366556,4.94330287,6.760004338,5.219024693,6.702866073,6.462209921,1.4779403,1.370434081,2.835612014,1.915040233,3.254985627,10887275.07,7.036919196,0.010892332,-1.962879111,135.7542442,2.132753416,1.26805E-05,-4.896862918,1000,91,3140929.129,0.657003044,0,0,19,SCKR,2063600,0,0
92,-87.621803,44.514257,789056.3789,78431.50776,SCKR,736628,Fall,Kewaunee,0,0,0,0,0,-5.162105186,-5.256542315,-3.830097195,-4.03600057,-3.163374622,10/25/16 0:00,11.05603293,0,0.025619171,0.011432819,0.051238342,0.017079447,0.011432819,0.051238342,0,0,0,-5.965919317,0,-4.176778922,0.051238342,0.051238342,0.450912896,0.450912896,0,0,911700,297000,0,18900,48600,0,0,0,98100,25200,0,20700,0,238500,154800,65700,0,0,0,303300,0,10/25/16 0:00,0,9030000,0,0.98978953,0,2.778929925,0,0,0,0,0,1.793603661,1.699166532,3.125611653,2.919708278,3.792334226,0,0,0,0,943.4011442,2.974696399,0.000104469,-3.981012449,1000,92,3140929.129,0.657003044,0,0,19,SCKR,2063600,0,0
93,-87.621803,44.514257,789056.3789,78431.50776,SCKR,736750,Winter,Kewaunee,-3.862530786,-5.19877585,-3.245626778,-3.015126385,-3.854451556,-4.213998516,-4.418893279,-3.959235972,-2.474338632,-3.455957508,2/24/17 0:00,-2.313787556,0,2.495118666,4.990237333,4.990237333,1.663412444,4.990237333,4.990237333,0,0,-7.459363673,-5.89552376,-6.754097364,-5.018385663,0,0,5.094594384,5.094594384,0,0,911700,297000,0,18900,48600,0,0,0,98100,25200,0,20700,0,238500,154800,65700,0,0,0,303300,0,2/24/17 0:00,1250000000,3930000,1.637081898,-9999,2.342348207,1.576108101,5.233914785,3.897669721,5.850818793,6.081319186,5.241994015,2.380495248,2.175600486,2.635257792,4.120155132,3.138536256,1385184.791,6.141507714,0.001109334,-2.954937857,13577.26469,4.132812285,0.00345397,-2.46168148,1000,93,3140929.129,0.657003044,0,0,19,SCKR,2063600,0,0
94,-87.621803,44.514257,789056.3789,78431.50776,SCKR,736837,Spring,Kewaunee,-4.914434766,-5.686595414,-3.269800701,-4.431655774,-4.631023088,-4.275138941,-4.685142404,-2.443832135,-2.990878286,-4.396916606,5/22/17 0:00,10.63761612,0,4.155631507,4.565547075,8.311263015,2.770421005,4.565547075,8.311263015,0,0,-4.700508918,-2.355348669,-4.918103408,-3.708979586,4.821548924,4.821548924,16.69232318,16.69232318,0,0,911700,297000,0,18900,48600,0,0,0,98100,25200,0,20700,0,238500,154800,65700,0,0,0,303300,0,5/22/17 0:00,1560000000,268000,4.492855545,3.072650767,4.275261056,1.72,4.278929698,3.50676905,5.923563763,4.76170869,4.562341375,1.152860495,0.742857032,2.984167301,2.437121151,1.03108283,79990.49867,4.903038404,5.12476E-05,-4.290326059,293.353586,2.467391401,0.001094944,-2.960608035,1000,94,3140929.129,0.657003044,0,0,19,SCKR,2063600,0,0
95,-87.682507,44.564576,784072.4504,83881.05719,School,736524,Summer,Kewaunee,-5.422876168,-7.231748987,-5.133565043,-3.601217188,-3.743559428,-4.659994992,-5.549194601,-3.123793195,-4.073243689,-3.488985509,7/13/16 0:00,20.8373352,0,0.655880859,0.292693602,1.311761718,10.53481336,1.80087725,31.60444007,0,1,-6.164626782,-6.509218315,-6.45402411,-5.269774225,1.311761718,31.60444007,42.53735644,12.24467809,12600,204300,1161000,149400,0,48600,45900,0,0,0,55800,0,0,111600,159300,96300,56700,30600,0,48600,0,280800,0,7/13/16 0:00,57900000000,15900000,4.598042849,0.692280427,4.308645521,1.931724517,5.339793463,3.530920644,5.629104587,7.161452442,7.019110203,2.54150375,1.652304141,4.077705547,3.128255053,3.712513233,14724887.29,7.168051979,0.000254321,-3.594617651,1736.399261,3.239649592,0.000109182,-3.96184915,1000,95,3140896.91,0,0,1,20,School,0,0,2058400
96,-87.682507,44.564576,784072.4504,83881.05719,School,736587,Fall,Kewaunee,-4.42824457,-8.546852886,-7.510594053,-2.606822972,-3.823043167,-6.299073004,-5.514971291,-4.664969434,-5.111697427,-6.266451346,9/14/16 0:00,17.71153272,0,8.360823805,4.026025556,16.72164761,5.573882536,4.026025556,16.72164761,1,1,-7.384271288,-6.89462122,-4.476702136,-4.3908942,16.34201948,16.34201948,43.21182302,43.21182302,12600,204300,1161000,149400,0,48600,45900,0,0,0,55800,0,0,111600,159300,96300,56700,30600,0,48600,0,280800,0,9/14/16 0:00,1950000000,39200000,1.90543863,0,4.813007782,3.202697025,4.861465348,0.742857032,1.779115865,6.682886946,5.466666751,1.294518221,2.078619933,2.928621791,2.481893797,1.327139879,4890917.519,6.689390339,0.002510039,-2.600319579,442.8622991,2.64626871,1.12896E-05,-4.947322515,1000,96,3140896.91,0,0,1,20,School,0,0,2058400
97,-87.682507,44.564576,784072.4504,83881.05719,School,736628,Fall,Kewaunee,-1.341931214,-2.422495707,-3.583496554,-2.199491015,-2.387153995,-6.276456171,-5.517641145,-4.200509358,-4.398692957,-3.344334529,10/25/16 0:00,11.08563207,0,0.034587731,0.015435132,0.069175462,0.023058487,0.015435132,0.069175462,0,0,-5.630826909,-6.119039882,-4.569564599,-4.65664881,0.069175462,0.069175462,0.54988049,0.54988049,12600,204300,1161000,149400,0,48600,45900,0,0,0,55800,0,0,111600,159300,96300,56700,30600,0,48600,0,280800,0,10/25/16 0:00,3240000000,14700000,3.879541853,1.047387212,4.940804163,2.509778284,8.168437548,7.087873056,5.926872208,7.310877747,7.123214767,0.889970923,1.648785949,2.965917736,2.767734137,3.822092565,180080928.8,8.255467722,0.055603094,-1.25490104,638.0850729,2.804878585,4.34962E-05,-4.361548509,1000,97,3140896.91,0,0,1,20,School,0,0,2058400
98,-87.682507,44.564576,784072.4504,83881.05719,School,736750,Winter,Kewaunee,-4.111735439,-5.318082495,-3.457477753,-3.221131693,-3.494801618,-4.041835346,-4.917215513,-4.442211792,-2.75880144,-3.608901287,2/24/17 0:00,-2.279932534,0,2.883749206,5.767498411,5.767498411,1.92249947,5.767498411,5.767498411,0,0,-7.328726036,-6.381720994,-7.058490008,-5.430739008,0,0,4.864886762,4.864886762,12600,204300,1161000,149400,0,48600,45900,0,0,0,55800,0,0,111600,159300,96300,56700,30600,0,48600,0,280800,0,2/24/17 0:00,762000000,12000000,1.552969047,-9999,1.823205076,1.64995199,4.769959644,3.563612589,5.424217331,5.660563391,5.386893465,3.038855652,2.163475486,2.638479206,4.321889558,3.471789711,520221.5367,5.716188328,0.000683114,-3.165506756,22223.36004,4.346809722,0.00184552,-2.733881276,1000,98,3140896.91,0,0,1,20,School,0,0,2058400
99,-87.682507,44.564576,784072.4504,83881.05719,School,736837,Spring,Kewaunee,-6.292605732,-6.163793499,-4.334803248,-3.729638863,-3.788241751,-4.683706823,-4.966488199,-3.785604979,-3.144981436,-3.500527571,5/22/17 0:00,10.79863933,0,3.790879872,3.776945178,7.581759744,2.527253248,3.776945178,7.581759744,0,0,-5.925678295,-3.767175799,-4.531219075,-4.67637999,4.897621675,4.897621675,17.66810897,17.66810897,12600,204300,1161000,149400,0,48600,45900,0,0,0,55800,0,0,111600,159300,96300,56700,30600,0,48600,0,280800,0,5/22/17 0:00,9100000000,512000,4.033480612,1.942169432,5.427939833,1.03,3.666553175,3.795365408,5.62435566,6.229520045,6.170917157,1.025638408,0.742857032,1.923740252,2.564363795,2.20881766,1707250.87,6.232297343,0.000187559,-3.726861565,382.8844563,2.583067736,0.000747692,-3.126277495,1000,99,3140896.91,0,0,1,20,School,0,0,2058400